user_id,user_active_degree,is_lowactive_period,is_live_streamer,is_video_author,follow_user_num,follow_user_num_range,fans_user_num,fans_user_num_range,friend_user_num,friend_user_num_range,register_days,register_days_range,onehot_feat0,onehot_feat1,onehot_feat2,onehot_feat3,onehot_feat4,onehot_feat5,onehot_feat6,onehot_feat7,onehot_feat8,onehot_feat9,onehot_feat10,onehot_feat11,onehot_feat12,onehot_feat13,onehot_feat14,onehot_feat15,onehot_feat16,onehot_feat17
24,middle_active,0,-124,1,266,"(250,500]",454,"[100,1k)",262,250+,1849,730+,0,1,29,920,1.0,0,1,8,181,2,2,0,1.0,0.0,0.0,0.0,0.0,0.0
52,full_active,0,-124,0,51,"(50,100]",5,"[1,10)",0,0,1183,730+,1,6,10,114,0.0,0,0,13,188,3,0,0,1.0,0.0,1.0,0.0,0.0,0.0
187,full_active,0,1,1,771,500+,497,"[100,1k)",417,250+,916,730+,1,3,2,1159,3.0,0,0,7,323,1,3,2,1.0,0.0,0.0,0.0,0.0,0.0
244,full_active,0,-124,1,477,"(250,500]",1278,"[1k,5k)",166,"[120,250)",1816,730+,1,4,19,569,1.0,0,0,7,40,1,3,0,0.0,0.0,0.0,0.0,0.0,0.0
269,full_active,0,-124,0,37,"(10,50]",0,0,0,0,307,181-365,1,1,19,595,1.0,0,0,13,392,6,4,0,1.0,0.0,0.0,0.0,0.0,0.0
312,full_active,0,-124,0,180,"(150,250]",16,"[10,100)",3,"[1,5)",2021,730+,0,4,19,646,2.0,0,1,0,417,6,3,0,0.0,0.0,1.0,0.0,0.0,0.0
326,high_active,0,-124,0,11,"(10,50]",3,"[1,10)",0,0,1094,730+,0,3,10,852,4.0,0,0,15,394,4,0,0,1.0,0.0,0.0,0.0,0.0,0.0
403,full_active,0,-124,1,742,500+,33,"[10,100)",27,"[5,30)",1811,730+,1,4,2,1171,5.0,0,0,22,239,1,4,2,1.0,0.0,0.0,0.0,0.0,0.0
423,full_active,0,1,1,970,500+,88,"[10,100)",45,"[30,60)",1435,730+,0,4,2,1171,5.0,0,0,33,234,1,2,2,1.0,1.0,1.0,0.0,0.0,0.0
501,high_active,0,-124,1,718,500+,47,"[10,100)",6,"[5,30)",2256,730+,1,4,28,340,,0,0,24,264,4,2,0,1.0,0.0,0.0,0.0,0.0,0.0
554,full_active,0,-124,1,481,"(250,500]",286,"[100,1k)",204,"[120,250)",1562,730+,0,4,29,947,1.0,0,0,19,387,1,0,0,1.0,0.0,1.0,0.0,0.0,0.0
556,full_active,0,-124,1,0,0,4,"[1,10)",0,0,187,181-365,0,3,2,1159,3.0,0,0,1,82,2,3,2,1.0,0.0,0.0,0.0,0.0,0.0
638,full_active,0,-124,1,175,"(150,250]",135,"[100,1k)",24,"[5,30)",1068,730+,1,6,19,570,0.0,0,1,34,388,1,3,0,0.0,0.0,0.0,0.0,0.0,0.0
658,high_active,0,-124,1,958,500+,94,"[10,100)",92,"[60,120)",812,730+,1,6,29,918,1.0,0,0,31,354,3,3,0,0.0,0.0,0.0,0.0,0.0,0.0
691,high_active,0,-124,1,1715,500+,6,"[1,10)",0,0,762,730+,1,4,19,573,1.0,0,1,44,121,5,3,0,1.0,0.0,0.0,0.0,0.0,0.0
722,high_active,0,-124,1,1072,500+,122,"[100,1k)",110,"[60,120)",902,730+,1,4,2,1180,2.0,0,0,15,394,4,3,2,0.0,0.0,0.0,0.0,0.0,0.0
802,full_active,0,-124,1,481,"(250,500]",15,"[10,100)",14,"[5,30)",1557,730+,0,1,29,1372,1.0,0,0,38,139,4,3,0,1.0,0.0,0.0,0.0,0.0,0.0
810,high_active,0,-124,1,57,"(50,100]",103,"[100,1k)",51,"[30,60)",1092,730+,1,1,31,377,1.0,0,0,31,42,6,4,0,0.0,0.0,0.0,0.0,0.0,0.0
867,full_active,0,1,1,1288,500+,2083,"[1k,5k)",990,250+,1630,730+,1,4,9,296,0.0,0,0,26,38,1,4,0,1.0,0.0,0.0,0.0,0.0,0.0
890,high_active,0,-124,1,1226,500+,1066,"[1k,5k)",938,250+,213,181-365,0,5,2,1176,2.0,0,1,44,289,5,0,2,0.0,0.0,0.0,0.0,0.0,0.0
997,full_active,0,-124,1,577,500+,190,"[100,1k)",107,"[60,120)",997,730+,1,4,9,859,1.0,0,0,31,275,5,2,0,1.0,0.0,0.0,0.0,0.0,0.0
999,high_active,0,1,1,767,500+,404,"[100,1k)",246,"[120,250)",1848,730+,1,2,19,656,2.0,0,0,7,154,1,3,0,1.0,0.0,0.0,0.0,0.0,0.0
1028,full_active,0,1,1,580,500+,1104,"[1k,5k)",531,250+,854,730+,1,1,19,544,2.0,0,0,13,267,6,3,0,1.0,0.0,0.0,0.0,0.0,0.0
1217,full_active,0,1,1,776,500+,111,"[100,1k)",74,"[60,120)",1907,730+,0,4,29,920,1.0,0,0,28,367,3,3,0,1.0,0.0,1.0,0.0,0.0,0.0
1289,full_active,0,-124,1,591,500+,832,"[100,1k)",589,250+,924,730+,1,1,29,906,1.0,0,0,7,138,1,4,0,1.0,0.0,0.0,0.0,0.0,0.0
1318,high_active,0,1,1,74,"(50,100]",90,"[10,100)",68,"[60,120)",2001,730+,1,2,2,1162,8.0,0,1,34,201,4,2,2,1.0,0.0,0.0,0.0,0.0,0.0
1327,high_active,0,1,1,620,500+,426,"[100,1k)",237,"[120,250)",1541,730+,0,4,10,665,1.0,0,1,20,174,5,3,0,1.0,0.0,0.0,0.0,0.0,0.0
1349,single_low_active,0,1,1,212,"(150,250]",654,"[100,1k)",183,"[120,250)",1038,730+,0,1,19,559,2.0,0,0,30,290,3,2,0,1.0,0.0,0.0,0.0,0.0,0.0
1351,full_active,0,-124,1,272,"(250,500]",16,"[10,100)",7,"[5,30)",1535,730+,0,4,24,815,3.0,0,1,20,191,5,0,0,1.0,0.0,0.0,0.0,0.0,0.0
1386,full_active,0,1,1,820,500+,1046,"[1k,5k)",696,250+,1520,730+,1,1,2,1159,3.0,0,1,8,36,4,4,2,0.0,0.0,0.0,1.0,0.0,0.0
1419,full_active,0,-124,1,22,"(10,50]",47,"[10,100)",0,0,1069,730+,1,4,19,583,1.0,0,0,24,206,1,0,0,1.0,0.0,0.0,0.0,0.0,0.0
1588,full_active,0,-124,1,147,"(100,150]",104,"[100,1k)",48,"[30,60)",1355,730+,0,3,29,940,1.0,0,0,31,220,3,3,0,1.0,0.0,0.0,0.0,0.0,0.0
1680,full_active,0,1,1,1327,500+,60,"[10,100)",35,"[30,60)",1199,730+,0,4,31,384,5.0,0,0,19,81,6,2,0,1.0,0.0,0.0,0.0,0.0,0.0
1737,full_active,0,-124,0,482,"(250,500]",289,"[100,1k)",286,250+,665,366-730,0,4,10,765,2.0,0,1,34,180,1,0,0,0.0,0.0,0.0,0.0,0.0,0.0
1876,full_active,0,-124,0,150,"(100,150]",2,"[1,10)",0,0,1616,730+,1,4,31,377,2.0,0,1,44,101,5,3,0,1.0,0.0,0.0,0.0,0.0,0.0
1913,high_active,0,-124,1,722,500+,219,"[100,1k)",199,"[120,250)",1273,730+,0,3,19,597,2.0,0,1,34,80,1,3,0,1.0,0.0,0.0,0.0,0.0,0.0
1922,full_active,0,-124,1,926,500+,908,"[100,1k)",552,250+,1163,730+,0,3,29,1316,1.0,0,1,43,221,4,3,0,1.0,0.0,0.0,0.0,0.0,0.0
2102,high_active,0,-124,1,1416,500+,487,"[100,1k)",47,"[30,60)",2296,730+,1,4,2,1158,5.0,0,0,22,123,1,3,2,1.0,0.0,0.0,0.0,0.0,0.0
2191,high_active,0,-124,0,3,"(0,10]",0,0,0,0,62,61-90,1,3,2,1158,7.0,0,0,13,390,3,3,2,1.0,0.0,0.0,0.0,0.0,0.0
2193,full_active,0,-124,0,83,"(50,100]",16,"[10,100)",11,"[5,30)",1644,730+,1,1,33,956,2.0,0,0,31,354,3,2,0,1.0,0.0,0.0,1.0,1.0,0.0
2194,full_active,0,-124,1,250,"(150,250]",316,"[100,1k)",191,"[120,250)",1693,730+,0,4,29,966,3.0,0,0,28,367,3,2,0,1.0,0.0,0.0,0.0,0.0,0.0
2216,full_active,0,1,1,332,"(250,500]",573,"[100,1k)",319,250+,1431,730+,0,5,29,936,1.0,0,0,42,120,1,4,0,1.0,0.0,0.0,0.0,0.0,0.0
2221,high_active,0,-124,1,854,500+,411,"[100,1k)",282,250+,1544,730+,0,5,31,414,0.0,0,1,32,33,2,3,0,1.0,0.0,1.0,0.0,0.0,0.0
2287,middle_active,0,-124,1,4997,500+,2625,"[1k,5k)",1786,250+,834,730+,0,1,10,281,0.0,0,0,15,93,6,3,0,0.0,1.0,0.0,0.0,0.0,0.0
2331,middle_active,0,-124,0,2,"(0,10]",0,0,0,0,1257,730+,1,4,10,79,0.0,0,1,20,348,4,4,0,1.0,0.0,0.0,0.0,0.0,0.0
2372,full_active,0,-124,1,221,"(150,250]",121,"[100,1k)",22,"[5,30)",244,181-365,0,4,19,640,1.0,0,1,43,43,1,3,0,1.0,1.0,0.0,0.0,0.0,0.0
2395,full_active,0,-124,1,758,500+,128,"[100,1k)",52,"[30,60)",1335,730+,1,6,19,1241,2.0,0,0,38,139,4,3,0,1.0,0.0,0.0,0.0,0.0,0.0
2444,high_active,0,-124,1,448,"(250,500]",7,"[1,10)",5,"[5,30)",495,366-730,0,4,19,620,1.0,0,0,31,42,6,3,0,0.0,1.0,0.0,0.0,0.0,0.0
2455,full_active,0,-124,1,21,"(10,50]",13,"[10,100)",9,"[5,30)",1416,730+,1,3,19,626,0.0,0,0,15,118,6,3,0,0.0,0.0,1.0,0.0,1.0,0.0
2492,high_active,0,-124,1,380,"(250,500]",298,"[100,1k)",35,"[30,60)",2031,730+,1,4,19,594,1.0,0,0,22,104,6,2,0,1.0,0.0,0.0,0.0,0.0,0.0
2521,full_active,0,-124,1,374,"(250,500]",107,"[100,1k)",66,"[60,120)",1828,730+,1,2,29,894,3.0,0,0,19,396,3,4,0,1.0,0.0,0.0,1.0,1.0,0.0
2611,high_active,0,-124,1,40,"(10,50]",39,"[10,100)",37,"[30,60)",135,91-180,1,1,29,1334,0.0,0,1,9,167,1,3,0,1.0,0.0,0.0,0.0,0.0,0.0
2624,middle_active,0,-124,1,21,"(10,50]",27,"[10,100)",15,"[5,30)",1289,730+,1,1,28,1003,,0,1,20,383,6,3,0,0.0,0.0,0.0,0.0,0.0,0.0
2748,full_active,0,-124,1,170,"(150,250]",218,"[100,1k)",144,"[120,250)",1219,730+,0,2,31,364,0.0,0,0,7,138,1,3,0,0.0,0.0,0.0,0.0,0.0,0.0
2785,high_active,0,-124,0,22,"(10,50]",0,0,0,0,151,91-180,1,3,28,68,,0,0,33,195,1,3,0,1.0,0.0,0.0,0.0,0.0,0.0
2813,high_active,0,-124,1,141,"(100,150]",11,"[10,100)",7,"[5,30)",1213,730+,0,6,2,1180,2.0,0,0,30,368,4,0,2,1.0,0.0,0.0,0.0,0.0,0.0
2829,low_active,0,-124,1,35,"(10,50]",27,"[10,100)",7,"[5,30)",828,730+,1,4,19,672,2.0,0,0,30,114,6,3,0,1.0,0.0,0.0,0.0,0.0,0.0
2967,2_14_day_new,0,1,1,457,"(250,500]",536,"[100,1k)",457,250+,1584,730+,0,6,28,657,,0,0,26,408,6,3,0,,,,,,
2991,full_active,0,1,1,910,500+,361,"[100,1k)",181,"[120,250)",2076,730+,1,4,29,988,1.0,0,0,22,412,5,3,0,1.0,0.0,0.0,0.0,0.0,0.0
2993,full_active,0,-124,1,32,"(10,50]",4,"[1,10)",3,"[1,5)",476,366-730,1,1,10,1038,2.0,0,1,0,102,5,3,0,1.0,0.0,0.0,0.0,1.0,0.0
3066,full_active,0,-124,0,246,"(150,250]",1,"[1,10)",1,"[1,5)",638,366-730,1,3,29,941,2.0,0,1,44,289,5,3,0,0.0,0.0,0.0,0.0,0.0,0.0
3071,middle_active,0,-124,1,108,"(100,150]",9,"[1,10)",2,"[1,5)",513,366-730,0,5,2,1152,3.0,0,0,33,382,3,4,2,0.0,0.0,0.0,0.0,0.0,0.0
3145,full_active,0,-124,0,21,"(10,50]",5,"[1,10)",1,"[1,5)",1585,730+,1,4,19,594,1.0,0,0,15,151,3,3,0,1.0,1.0,0.0,0.0,0.0,0.0
3180,middle_active,0,1,1,0,0,799,"[100,1k)",0,0,1274,730+,1,5,29,890,0.0,0,0,1,82,2,3,0,1.0,0.0,0.0,0.0,0.0,0.0
3230,high_active,0,-124,1,1252,500+,699,"[100,1k)",574,250+,756,730+,0,1,2,1125,2.0,0,0,31,343,3,4,1,0.0,0.0,0.0,0.0,0.0,0.0
3310,full_active,0,1,1,519,500+,581,"[100,1k)",382,250+,1080,730+,1,1,19,569,1.0,0,1,34,80,1,3,0,0.0,0.0,0.0,0.0,0.0,0.0
3394,full_active,0,-124,1,389,"(250,500]",172,"[100,1k)",99,"[60,120)",774,730+,0,1,10,230,1.0,0,1,34,345,1,3,0,1.0,0.0,0.0,0.0,0.0,0.0
3438,high_active,0,1,1,334,"(250,500]",19,"[10,100)",18,"[5,30)",660,366-730,1,3,2,1159,3.0,0,1,17,145,3,2,2,0.0,0.0,0.0,0.0,0.0,0.0
3472,single_low_active,0,-124,0,1811,500+,0,0,0,0,655,366-730,1,1,28,992,,0,1,0,446,3,2,0,1.0,0.0,0.0,0.0,1.0,0.0
3490,full_active,0,1,1,18,"(10,50]",439,"[100,1k)",14,"[5,30)",2574,730+,1,3,2,1162,8.0,0,0,28,445,1,3,2,1.0,0.0,0.0,0.0,0.0,0.0
3500,full_active,0,-124,1,339,"(250,500]",739,"[100,1k)",275,250+,1039,730+,0,0,19,531,2.0,0,0,13,267,6,3,0,1.0,0.0,0.0,0.0,0.0,0.0
3520,full_active,0,-124,1,51,"(50,100]",3,"[1,10)",2,"[1,5)",1225,730+,1,0,10,335,0.0,0,1,20,383,6,0,0,1.0,0.0,0.0,0.0,0.0,0.0
3632,full_active,0,-124,0,130,"(100,150]",6,"[1,10)",3,"[1,5)",1621,730+,1,3,19,655,1.0,0,1,20,348,4,4,0,1.0,0.0,0.0,0.0,0.0,0.0
3795,full_active,0,1,1,769,500+,743,"[100,1k)",361,250+,471,366-730,0,4,2,1169,8.0,0,0,13,183,6,4,2,0.0,0.0,0.0,0.0,0.0,0.0
3984,full_active,0,-124,1,61,"(50,100]",1,"[1,10)",1,"[1,5)",223,181-365,1,0,31,427,1.0,0,0,15,151,3,3,0,0.0,0.0,0.0,0.0,0.0,0.0
4015,full_active,0,-124,1,233,"(150,250]",738,"[100,1k)",232,"[120,250)",496,366-730,0,1,29,891,1.0,0,0,30,185,1,4,0,0.0,0.0,0.0,0.0,0.0,0.0
4046,high_active,0,-124,0,22,"(10,50]",0,0,0,0,458,366-730,0,2,10,215,1.0,0,0,30,119,1,2,0,1.0,0.0,0.0,0.0,0.0,0.0
4090,full_active,0,-124,0,6,"(0,10]",1,"[1,10)",0,0,1244,730+,1,3,2,1152,3.0,0,1,8,349,3,0,2,0.0,0.0,0.0,0.0,1.0,0.0
4121,high_active,0,-124,1,75,"(50,100]",9,"[1,10)",3,"[1,5)",947,730+,1,4,28,340,,0,1,32,33,2,4,0,1.0,0.0,0.0,0.0,0.0,0.0
4187,high_active,0,-124,1,133,"(100,150]",160,"[100,1k)",98,"[60,120)",2229,730+,1,2,29,1426,1.0,0,1,10,450,3,2,0,1.0,0.0,0.0,0.0,0.0,0.0
4261,full_active,0,1,1,235,"(150,250]",61,"[10,100)",23,"[5,30)",1822,730+,1,3,29,955,3.0,0,0,14,116,5,2,0,1.0,0.0,1.0,0.0,0.0,0.0
4290,high_active,0,-124,0,41,"(10,50]",2,"[1,10)",1,"[1,5)",838,730+,0,4,19,622,1.0,0,0,19,111,6,0,0,1.0,0.0,1.0,0.0,0.0,0.0
4338,high_active,0,-124,1,141,"(100,150]",4,"[1,10)",4,"[1,5)",439,366-730,0,0,29,958,1.0,0,1,18,325,3,3,0,1.0,0.0,0.0,0.0,0.0,0.0
4348,full_active,0,-124,1,69,"(50,100]",216,"[100,1k)",68,"[60,120)",472,366-730,0,1,29,1338,0.0,0,1,34,80,1,3,0,0.0,0.0,0.0,0.0,0.0,0.0
4377,full_active,0,1,1,1,"(0,10]",256,"[100,1k)",1,"[1,5)",555,366-730,1,1,29,964,1.0,0,1,12,302,1,3,0,1.0,0.0,0.0,0.0,0.0,0.0
4493,full_active,0,-124,1,99,"(50,100]",32,"[10,100)",9,"[5,30)",492,366-730,1,4,19,595,1.0,0,0,13,67,6,4,0,0.0,0.0,0.0,0.0,0.0,0.0
4676,full_active,0,-124,1,3,"(0,10]",76,"[10,100)",2,"[1,5)",157,91-180,0,6,19,513,0.0,0,0,7,176,1,3,0,0.0,0.0,0.0,0.0,0.0,0.0
4810,high_active,0,-124,1,1682,500+,1377,"[1k,5k)",1244,250+,635,366-730,1,1,29,906,1.0,0,0,31,343,3,3,0,1.0,0.0,0.0,0.0,0.0,0.0
4855,middle_active,0,-124,1,279,"(250,500]",362,"[100,1k)",266,250+,1954,730+,1,1,2,1159,3.0,0,1,43,250,1,2,2,0.0,0.0,0.0,0.0,0.0,0.0
4876,high_active,0,-124,0,3,"(0,10]",1,"[1,10)",0,0,177,91-180,0,3,9,478,2.0,0,1,12,70,1,0,0,1.0,0.0,0.0,0.0,1.0,0.0
4997,full_active,0,-124,1,875,500+,1383,"[1k,5k)",834,250+,889,730+,1,1,29,882,1.0,0,0,42,63,1,3,0,0.0,0.0,0.0,0.0,0.0,0.0
5129,full_active,0,1,1,283,"(250,500]",304,"[100,1k)",8,"[5,30)",1669,730+,0,3,11,967,1.0,0,1,44,101,5,2,0,0.0,0.0,0.0,0.0,0.0,0.0
5131,middle_active,0,-124,0,21,"(10,50]",0,0,0,0,113,91-180,1,4,2,1159,3.0,0,1,20,326,6,0,2,1.0,0.0,0.0,0.0,0.0,0.0
5141,high_active,0,-124,1,1406,500+,7,"[1,10)",0,0,2540,730+,0,2,2,1152,4.0,0,1,8,181,2,2,2,0.0,0.0,0.0,0.0,0.0,0.0
5156,middle_active,0,-124,1,27,"(10,50]",30,"[10,100)",18,"[5,30)",230,181-365,0,1,2,1151,3.0,0,1,43,211,1,3,2,1.0,0.0,0.0,0.0,0.0,0.0
5185,full_active,0,-124,1,13,"(10,50]",128,"[100,1k)",2,"[1,5)",2694,730+,0,3,29,939,5.0,0,0,24,137,5,2,0,1.0,0.0,0.0,0.0,0.0,0.0
5312,high_active,0,-124,1,10,"(0,10]",16,"[10,100)",7,"[5,30)",937,730+,0,1,29,947,1.0,0,1,21,157,3,3,0,1.0,0.0,0.0,0.0,0.0,0.0
5342,full_active,0,-124,1,4982,500+,5297,"[5k,1w)",4932,250+,1288,730+,1,5,19,560,0.0,0,0,42,50,6,2,0,0.0,0.0,0.0,0.0,0.0,0.0
5369,middle_active,0,-124,1,303,"(250,500]",382,"[100,1k)",294,250+,843,730+,0,1,29,1322,2.0,0,1,18,325,3,3,0,0.0,0.0,0.0,0.0,0.0,0.0
5389,high_active,0,-124,1,147,"(100,150]",66,"[10,100)",12,"[5,30)",433,366-730,1,1,2,1158,7.0,0,1,43,232,3,3,2,1.0,0.0,0.0,0.0,0.0,0.0
5413,high_active,0,-124,0,13,"(10,50]",3,"[1,10)",3,"[1,5)",837,730+,0,5,29,890,0.0,0,0,22,412,5,3,0,,,,,,
5488,high_active,0,-124,1,117,"(100,150]",81,"[10,100)",72,"[60,120)",97,91-180,1,1,19,578,1.0,0,1,34,381,1,3,0,1.0,0.0,1.0,0.0,0.0,0.0
5551,full_active,0,-124,1,1,"(0,10]",233,"[100,1k)",0,0,358,181-365,1,4,10,63,0.0,0,1,8,36,4,4,0,0.0,0.0,0.0,0.0,0.0,0.0
5602,low_active,0,-124,1,139,"(100,150]",195,"[100,1k)",48,"[30,60)",1776,730+,0,1,2,1159,3.0,0,1,9,375,1,4,2,1.0,0.0,0.0,0.0,0.0,0.0
5622,middle_active,0,-124,1,11,"(10,50]",3,"[1,10)",0,0,32,31-60,1,4,2,1165,6.0,0,1,8,36,4,4,2,0.0,0.0,0.0,0.0,0.0,0.0
5673,full_active,0,-124,1,455,"(250,500]",267,"[100,1k)",172,"[120,250)",1037,730+,1,2,19,606,1.0,0,1,43,136,3,0,0,0.0,1.0,0.0,0.0,0.0,0.0
5967,full_active,0,1,1,655,500+,93,"[10,100)",47,"[30,60)",2468,730+,1,4,10,59,1.0,0,0,22,123,1,3,0,1.0,0.0,0.0,0.0,0.0,0.0
6067,full_active,0,-124,0,313,"(250,500]",4,"[1,10)",3,"[1,5)",649,366-730,1,2,31,378,3.0,0,1,2,399,4,2,0,1.0,0.0,0.0,0.0,1.0,0.0
6088,full_active,0,-124,1,48,"(10,50]",2288,"[1k,5k)",48,"[30,60)",782,730+,0,3,2,1171,5.0,0,0,42,422,1,3,2,1.0,0.0,0.0,0.0,0.0,0.0
6248,full_active,0,1,1,551,500+,83,"[10,100)",61,"[60,120)",2619,730+,1,2,2,1165,6.0,0,0,1,82,2,4,2,1.0,0.0,0.0,0.0,0.0,0.0
6264,full_active,0,-124,1,57,"(50,100]",97,"[10,100)",56,"[30,60)",1413,730+,1,1,22,371,1.0,0,0,30,368,4,2,0,0.0,0.0,0.0,0.0,0.0,0.0
6296,full_active,0,-124,1,162,"(150,250]",460,"[100,1k)",162,"[120,250)",1527,730+,1,1,19,520,0.0,0,0,15,394,4,4,0,0.0,0.0,0.0,0.0,0.0,0.0
6318,middle_active,0,-124,1,67,"(50,100]",130,"[100,1k)",45,"[30,60)",2279,730+,1,2,2,1137,3.0,0,0,13,330,5,2,2,1.0,0.0,0.0,0.0,0.0,0.0
6499,full_active,0,1,1,314,"(250,500]",93,"[10,100)",90,"[60,120)",1872,730+,1,5,29,1302,1.0,0,0,13,67,6,3,0,1.0,0.0,0.0,0.0,0.0,0.0
6507,low_active,0,-124,1,115,"(100,150]",17,"[10,100)",8,"[5,30)",1838,730+,1,2,31,734,0.0,0,1,10,76,3,3,0,,,,,,
6563,high_active,0,-124,1,402,"(250,500]",435,"[100,1k)",387,250+,764,730+,0,3,28,210,,0,0,31,354,3,3,0,1.0,0.0,0.0,0.0,0.0,0.0
6607,high_active,0,-124,1,63,"(50,100]",46,"[10,100)",25,"[5,30)",1004,730+,1,4,29,906,1.0,0,0,7,154,1,3,0,1.0,0.0,1.0,0.0,0.0,0.0
6618,full_active,0,-124,1,29,"(10,50]",112,"[100,1k)",18,"[5,30)",1867,730+,1,2,2,1210,11.0,0,1,18,393,3,3,2,1.0,0.0,0.0,0.0,0.0,0.0
6749,high_active,0,-124,1,49,"(10,50]",19,"[10,100)",12,"[5,30)",240,181-365,0,0,19,641,1.0,0,1,34,201,4,0,0,1.0,0.0,0.0,0.0,0.0,0.0
6753,full_active,0,-124,0,140,"(100,150]",6,"[1,10)",1,"[1,5)",1182,730+,0,2,9,479,1.0,0,0,22,321,1,0,0,1.0,0.0,0.0,0.0,0.0,0.0
6773,full_active,0,1,1,1669,500+,262,"[100,1k)",142,"[120,250)",2029,730+,0,4,42,1030,1.0,0,0,28,280,1,3,2,1.0,0.0,0.0,0.0,0.0,0.0
6806,high_active,0,-124,1,144,"(100,150]",248,"[100,1k)",112,"[60,120)",1268,730+,1,1,2,1153,5.0,0,1,8,181,2,2,2,1.0,0.0,0.0,0.0,0.0,0.0
6844,high_active,0,-124,1,1105,500+,228,"[100,1k)",203,"[120,250)",1221,730+,0,1,19,558,2.0,0,0,31,354,3,3,0,1.0,0.0,0.0,0.0,0.0,0.0
6968,full_active,0,-124,1,71,"(50,100]",5,"[1,10)",3,"[1,5)",764,730+,1,6,10,77,1.0,0,0,14,452,3,0,0,0.0,0.0,0.0,0.0,0.0,0.0
7025,full_active,0,-124,1,367,"(250,500]",33,"[10,100)",23,"[5,30)",1571,730+,1,1,19,618,3.0,0,1,8,200,5,2,0,0.0,0.0,0.0,0.0,0.0,0.0
7158,middle_active,0,-124,1,26,"(10,50]",9,"[1,10)",9,"[5,30)",330,181-365,1,1,10,230,1.0,0,1,9,310,3,3,0,0.0,0.0,0.0,0.0,0.0,0.0
7176,full_active,0,-124,1,121,"(100,150]",8,"[1,10)",5,"[5,30)",1412,730+,1,2,31,370,5.0,0,0,13,330,5,0,0,1.0,0.0,0.0,1.0,0.0,0.0
7286,high_active,0,1,1,710,500+,928,"[100,1k)",640,250+,839,730+,0,1,10,166,1.0,0,1,18,189,1,3,0,0.0,0.0,0.0,0.0,0.0,0.0
7303,2_14_day_new,0,-124,1,654,500+,1042,"[1k,5k)",625,250+,1458,730+,0,1,2,1159,3.0,0,1,43,221,4,4,2,1.0,0.0,0.0,0.0,0.0,0.0
7316,full_active,0,-124,0,38,"(10,50]",10,"[10,100)",1,"[1,5)",1051,730+,0,6,10,90,1.0,0,0,24,45,3,2,0,0.0,0.0,0.0,0.0,0.0,0.0
7401,high_active,0,-124,1,50,"(10,50]",8,"[1,10)",0,0,755,730+,0,3,10,1037,0.0,0,1,8,287,2,2,0,1.0,0.0,0.0,0.0,0.0,0.0
7415,high_active,0,-124,1,47,"(10,50]",16,"[10,100)",1,"[1,5)",1604,730+,1,4,29,1355,0.0,0,0,13,392,6,3,0,0.0,0.0,0.0,0.0,0.0,0.0
7497,full_active,0,-124,1,495,"(250,500]",550,"[100,1k)",473,250+,555,366-730,1,1,29,926,1.0,0,0,14,65,3,2,0,1.0,0.0,0.0,1.0,1.0,0.0
7545,full_active,0,-124,1,459,"(250,500]",129,"[100,1k)",66,"[60,120)",1182,730+,1,4,29,906,1.0,0,1,43,43,1,3,0,1.0,1.0,0.0,0.0,0.0,0.0
7641,full_active,0,-124,1,51,"(50,100]",99,"[10,100)",31,"[30,60)",2641,730+,1,2,2,1159,3.0,0,0,38,139,4,3,2,1.0,0.0,0.0,1.0,1.0,0.0
7723,full_active,0,-124,1,1949,500+,990,"[100,1k)",787,250+,2038,730+,1,5,19,648,2.0,0,1,43,211,1,0,0,1.0,1.0,0.0,0.0,0.0,0.0
7730,high_active,0,-124,1,511,500+,594,"[100,1k)",476,250+,1122,730+,0,1,2,1175,1.0,0,1,34,430,1,3,2,1.0,0.0,0.0,0.0,0.0,0.0
7746,middle_active,0,-124,1,297,"(250,500]",32,"[10,100)",22,"[5,30)",308,181-365,0,1,10,339,1.0,0,1,44,400,5,4,0,0.0,0.0,0.0,0.0,0.0,0.0
7907,full_active,0,-124,1,97,"(50,100]",271,"[100,1k)",97,"[60,120)",1303,730+,1,2,2,1161,8.0,0,0,31,305,5,2,2,1.0,0.0,0.0,0.0,0.0,0.0
7927,full_active,0,-124,1,72,"(50,100]",12,"[10,100)",5,"[5,30)",1057,730+,1,1,29,949,1.0,0,1,20,286,6,2,0,1.0,0.0,0.0,0.0,1.0,0.0
8046,full_active,0,-124,1,269,"(250,500]",360,"[100,1k)",227,"[120,250)",216,181-365,0,1,10,1004,1.0,0,0,33,41,3,3,0,1.0,0.0,1.0,0.0,0.0,0.0
8071,high_active,0,-124,1,600,500+,70,"[10,100)",68,"[60,120)",260,181-365,1,1,19,561,0.0,0,1,20,191,5,3,0,0.0,0.0,0.0,0.0,0.0,0.0
8152,full_active,0,-124,1,17,"(10,50]",10,"[10,100)",2,"[1,5)",1493,730+,1,3,29,977,2.0,0,1,10,254,3,3,0,1.0,0.0,1.0,0.0,0.0,0.0
8220,full_active,0,1,1,151,"(150,250]",212,"[100,1k)",1,"[1,5)",1753,730+,1,3,2,1171,5.0,0,1,8,181,2,2,2,1.0,0.0,0.0,0.0,0.0,0.0
8273,high_active,0,-124,0,18,"(10,50]",5,"[1,10)",2,"[1,5)",835,730+,0,2,19,615,2.0,0,1,0,102,5,2,0,1.0,0.0,0.0,0.0,0.0,0.0
8361,full_active,0,-124,1,175,"(150,250]",9,"[1,10)",9,"[5,30)",798,730+,0,2,29,949,1.0,0,0,19,396,3,3,0,1.0,0.0,0.0,0.0,0.0,0.0
8363,full_active,0,-124,1,23,"(10,50]",54,"[10,100)",17,"[5,30)",248,181-365,1,0,29,1302,1.0,0,1,10,451,1,3,0,1.0,0.0,0.0,0.0,0.0,0.0
8469,full_active,0,-124,1,16,"(10,50]",478,"[100,1k)",7,"[5,30)",1030,730+,0,6,29,1344,1.0,0,0,24,380,1,3,0,0.0,0.0,1.0,0.0,0.0,0.0
8538,full_active,0,-124,1,75,"(50,100]",742,"[100,1k)",75,"[60,120)",2140,730+,0,1,2,1165,6.0,0,1,34,328,3,3,2,1.0,0.0,0.0,0.0,0.0,0.0
8558,high_active,0,-124,1,43,"(10,50]",76,"[10,100)",29,"[5,30)",2283,730+,1,2,22,371,1.0,0,0,15,214,6,2,0,1.0,0.0,0.0,0.0,0.0,0.0
8591,full_active,0,1,1,4348,500+,4438,"[1k,5k)",3630,250+,1286,730+,0,2,19,582,2.0,0,0,14,116,5,2,0,1.0,1.0,0.0,0.0,0.0,0.0
8706,full_active,0,-124,1,21,"(10,50]",23,"[10,100)",13,"[5,30)",1770,730+,1,2,19,562,4.0,0,0,31,354,3,0,0,1.0,0.0,0.0,0.0,0.0,0.0
8719,full_active,0,1,1,219,"(150,250]",14,"[10,100)",0,0,2619,730+,1,2,2,1160,4.0,0,1,8,262,6,3,2,1.0,0.0,0.0,0.0,0.0,0.0
8733,high_active,0,-124,1,157,"(150,250]",75,"[10,100)",31,"[30,60)",1428,730+,1,4,16,840,2.0,0,1,43,221,4,0,0,1.0,0.0,0.0,0.0,0.0,0.0
8747,middle_active,0,-124,0,177,"(150,250]",0,0,0,0,38,31-60,0,1,19,659,1.0,0,0,31,276,6,0,0,1.0,0.0,1.0,0.0,0.0,0.0
8756,full_active,0,-124,1,350,"(250,500]",124,"[100,1k)",119,"[60,120)",1343,730+,1,4,19,623,1.0,0,1,43,43,1,3,0,1.0,0.0,1.0,0.0,0.0,0.0
8777,full_active,0,-124,1,498,"(250,500]",138,"[100,1k)",106,"[60,120)",999,730+,1,1,31,376,2.0,0,0,7,77,5,2,0,1.0,0.0,0.0,0.0,0.0,0.0
8779,full_active,0,-124,1,40,"(10,50]",7,"[1,10)",2,"[1,5)",737,730+,0,1,28,27,,0,0,42,421,1,3,0,0.0,0.0,0.0,0.0,0.0,0.0
8796,middle_active,0,-124,1,37,"(10,50]",5,"[1,10)",5,"[5,30)",219,181-365,0,0,29,1320,1.0,0,0,15,178,3,3,0,0.0,1.0,0.0,0.0,0.0,0.0
8982,high_active,0,-124,1,53,"(50,100]",48,"[10,100)",15,"[5,30)",1680,730+,1,5,15,1226,0.0,0,0,24,380,1,3,0,0.0,0.0,0.0,0.0,0.0,0.0
9011,full_active,0,1,1,72,"(50,100]",67,"[10,100)",54,"[30,60)",1948,730+,0,3,19,611,1.0,0,0,1,82,2,3,0,1.0,0.0,0.0,0.0,0.0,0.0
9020,full_active,0,-124,1,593,500+,72,"[10,100)",67,"[60,120)",657,366-730,0,4,10,205,2.0,0,0,7,77,5,4,0,0.0,0.0,0.0,0.0,0.0,0.0
9023,high_active,0,-124,0,8,"(0,10]",1,"[1,10)",1,"[1,5)",104,91-180,1,3,2,1165,6.0,0,1,20,348,4,0,2,1.0,0.0,0.0,0.0,0.0,0.0
9104,full_active,0,-124,0,241,"(150,250]",0,0,0,0,846,730+,1,3,31,378,3.0,0,1,32,33,2,4,0,0.0,0.0,0.0,0.0,1.0,0.0
9116,full_active,0,-124,1,95,"(50,100]",9,"[1,10)",6,"[5,30)",823,730+,1,1,31,386,1.0,0,1,34,273,3,3,0,1.0,0.0,0.0,0.0,0.0,0.0
9149,full_active,0,1,1,82,"(50,100]",177,"[100,1k)",76,"[60,120)",1982,730+,0,2,2,1159,3.0,0,1,18,393,3,2,2,0.0,0.0,0.0,0.0,0.0,0.0
9307,full_active,0,-124,1,55,"(50,100]",47,"[10,100)",1,"[1,5)",1630,730+,0,4,19,558,2.0,0,0,13,117,6,2,0,0.0,0.0,0.0,0.0,0.0,0.0
9367,full_active,0,-124,1,146,"(100,150]",69,"[10,100)",12,"[5,30)",1609,730+,1,5,19,595,1.0,0,1,20,383,6,4,0,1.0,1.0,0.0,0.0,0.0,0.0
9369,full_active,0,-124,0,30,"(10,50]",7,"[1,10)",7,"[5,30)",1385,730+,1,2,2,1160,4.0,0,1,0,149,6,4,2,1.0,0.0,0.0,0.0,0.0,0.0
9413,high_active,0,-124,1,132,"(100,150]",33,"[10,100)",14,"[5,30)",921,730+,0,2,19,620,1.0,0,0,42,120,1,0,0,1.0,0.0,0.0,0.0,0.0,0.0
9415,full_active,0,-124,1,191,"(150,250]",343,"[100,1k)",171,"[120,250)",577,366-730,0,1,19,641,1.0,0,1,17,444,3,0,0,1.0,0.0,0.0,0.0,0.0,0.0
9416,full_active,0,1,1,657,500+,841,"[100,1k)",580,250+,1398,730+,0,2,19,611,1.0,0,0,31,193,3,3,0,1.0,1.0,0.0,0.0,0.0,0.0
9510,full_active,0,-124,1,20,"(10,50]",17,"[10,100)",5,"[5,30)",1877,730+,1,2,10,230,1.0,0,1,10,254,3,3,0,1.0,0.0,0.0,0.0,0.0,0.0
9566,high_active,0,-124,0,191,"(150,250]",0,0,0,0,31,31-60,1,3,10,604,2.0,0,1,32,33,2,3,0,1.0,0.0,0.0,0.0,0.0,0.0
9593,full_active,0,1,1,256,"(250,500]",35,"[10,100)",35,"[30,60)",398,366-730,1,4,30,948,2.0,0,0,31,354,3,3,0,0.0,0.0,1.0,0.0,0.0,0.0
9607,full_active,0,-124,1,145,"(100,150]",234,"[100,1k)",140,"[120,250)",1371,730+,1,1,11,967,1.0,0,0,15,32,1,3,0,1.0,0.0,0.0,0.0,0.0,0.0
9619,full_active,0,-124,1,358,"(250,500]",1629,"[1k,5k)",352,250+,1558,730+,0,1,9,296,0.0,0,1,18,293,1,3,0,0.0,0.0,0.0,0.0,0.0,0.0
9672,high_active,0,1,1,405,"(250,500]",100,"[100,1k)",100,"[60,120)",1091,730+,0,5,29,1342,1.0,0,0,31,42,6,0,0,1.0,0.0,0.0,0.0,0.0,0.0
9756,middle_active,0,-124,1,301,"(250,500]",56,"[10,100)",31,"[30,60)",1618,730+,0,1,10,57,1.0,0,1,8,288,6,3,0,0.0,0.0,0.0,0.0,0.0,0.0
9794,full_active,0,-124,0,4,"(0,10]",0,0,0,0,292,181-365,1,4,22,371,1.0,0,1,8,287,2,0,0,1.0,0.0,1.0,0.0,0.0,0.0
9811,full_active,0,-124,1,181,"(150,250]",11,"[10,100)",8,"[5,30)",833,730+,1,4,19,545,1.0,0,0,31,42,6,4,0,,,,,,
9845,full_active,0,-124,1,134,"(100,150]",13,"[10,100)",1,"[1,5)",781,730+,0,4,19,628,1.0,0,1,43,232,3,3,0,1.0,0.0,1.0,0.0,0.0,0.0
9910,high_active,0,1,1,614,500+,239,"[100,1k)",103,"[60,120)",1654,730+,1,2,29,977,3.0,0,0,15,118,6,3,0,1.0,0.0,0.0,0.0,0.0,0.0
9964,full_active,0,1,1,961,500+,983,"[100,1k)",858,250+,1740,730+,1,2,2,1159,3.0,0,1,9,243,6,2,2,1.0,0.0,0.0,0.0,0.0,0.0
9972,full_active,0,1,1,816,500+,4459,"[1k,5k)",214,"[120,250)",1652,730+,1,4,10,499,4.0,0,0,30,251,3,4,0,1.0,0.0,0.0,0.0,0.0,0.0
10052,high_active,0,-124,0,94,"(50,100]",6,"[1,10)",2,"[1,5)",1274,730+,0,4,29,898,2.0,0,1,44,289,5,3,0,1.0,0.0,0.0,0.0,0.0,0.0
10088,full_active,0,-124,1,479,"(250,500]",32,"[10,100)",21,"[5,30)",776,730+,1,1,31,376,1.0,0,0,15,274,6,2,0,1.0,0.0,0.0,0.0,0.0,0.0
10193,full_active,0,-124,0,63,"(50,100]",29,"[10,100)",4,"[1,5)",775,730+,0,4,10,763,3.0,0,0,24,410,3,2,0,0.0,0.0,0.0,0.0,0.0,0.0
10219,full_active,0,-124,1,184,"(150,250]",325,"[100,1k)",178,"[120,250)",1666,730+,0,2,28,210,,0,1,43,221,4,4,0,0.0,0.0,0.0,0.0,0.0,0.0
10238,high_active,0,-124,1,211,"(150,250]",1,"[1,10)",1,"[1,5)",1101,730+,1,1,33,956,2.0,0,1,21,34,6,4,0,1.0,0.0,0.0,0.0,0.0,0.0
10258,full_active,0,-124,1,22,"(10,50]",70,"[10,100)",22,"[5,30)",1162,730+,0,3,2,1165,6.0,0,1,21,205,3,0,2,1.0,0.0,0.0,0.0,0.0,0.0
10324,full_active,0,-124,1,72,"(50,100]",231,"[100,1k)",71,"[60,120)",1027,730+,0,1,19,1258,1.0,0,1,43,211,1,3,0,0.0,0.0,1.0,0.0,0.0,0.0
10453,full_active,0,-124,1,179,"(150,250]",24,"[10,100)",8,"[5,30)",2599,730+,0,3,2,1160,4.0,0,1,0,360,6,0,2,1.0,0.0,0.0,0.0,0.0,0.0
10521,full_active,0,-124,1,32,"(10,50]",10,"[10,100)",4,"[1,5)",1857,730+,1,4,29,1369,2.0,0,1,20,191,5,3,0,1.0,1.0,1.0,0.0,0.0,0.0
10522,full_active,0,-124,1,433,"(250,500]",813,"[100,1k)",425,250+,1585,730+,0,3,2,1158,7.0,0,1,8,36,4,4,2,1.0,0.0,0.0,0.0,0.0,0.0
10529,full_active,0,-124,1,366,"(250,500]",124,"[100,1k)",113,"[60,120)",411,366-730,0,4,19,634,2.0,0,0,19,111,6,2,0,1.0,0.0,0.0,0.0,0.0,0.0
10570,full_active,0,-124,1,588,500+,243,"[100,1k)",133,"[120,250)",1996,730+,1,2,2,1171,5.0,0,0,19,111,6,2,2,0.0,0.0,0.0,0.0,0.0,0.0
10598,middle_active,0,1,1,562,500+,615,"[100,1k)",415,250+,218,181-365,1,1,48,695,1.0,0,1,43,136,3,3,0,0.0,0.0,0.0,0.0,0.0,0.0
10617,full_active,0,1,1,42,"(10,50]",38,"[10,100)",14,"[5,30)",1633,730+,1,3,10,765,2.0,0,0,7,427,1,4,0,1.0,0.0,0.0,0.0,0.0,0.0
10624,full_active,0,1,1,201,"(150,250]",1586,"[1k,5k)",49,"[30,60)",2099,730+,1,3,48,689,2.0,0,1,8,36,4,4,0,0.0,0.0,0.0,0.0,0.0,0.0
10660,full_active,0,-124,1,24,"(10,50]",229,"[100,1k)",24,"[5,30)",2494,730+,1,2,2,1160,4.0,0,0,15,394,4,2,2,1.0,0.0,0.0,0.0,0.0,0.0
10673,full_active,0,-124,1,546,500+,574,"[100,1k)",467,250+,784,730+,1,1,2,1153,5.0,0,1,18,196,3,3,2,0.0,0.0,0.0,0.0,0.0,0.0
10702,full_active,0,1,1,100,"(50,100]",228,"[100,1k)",93,"[60,120)",1599,730+,1,2,2,1122,2.0,0,1,34,80,1,3,1,1.0,0.0,0.0,0.0,0.0,0.0
10752,high_active,0,-124,1,81,"(50,100]",26,"[10,100)",14,"[5,30)",113,91-180,0,4,19,513,0.0,0,0,19,110,1,3,0,0.0,0.0,0.0,0.0,0.0,0.0
10804,full_active,0,-124,1,692,500+,984,"[100,1k)",624,250+,1558,730+,0,1,2,1159,3.0,0,0,31,354,3,3,2,1.0,0.0,0.0,0.0,0.0,0.0
10849,full_active,0,1,1,1298,500+,929,"[100,1k)",892,250+,1421,730+,0,4,19,622,1.0,0,1,17,253,4,0,0,1.0,0.0,1.0,0.0,0.0,0.0
10901,high_active,0,-124,1,383,"(250,500]",292,"[100,1k)",173,"[120,250)",305,181-365,0,0,28,265,,0,1,20,174,5,3,0,0.0,0.0,0.0,0.0,0.0,0.0
10911,full_active,0,1,1,440,"(250,500]",791,"[100,1k)",236,"[120,250)",1667,730+,0,3,2,1171,5.0,0,0,13,390,3,4,2,1.0,0.0,0.0,0.0,0.0,0.0
11080,full_active,0,-124,0,30,"(10,50]",0,0,0,0,195,181-365,1,4,9,136,1.0,0,1,10,389,6,2,0,0.0,0.0,0.0,0.0,0.0,0.0
11089,high_active,0,1,1,142,"(100,150]",178,"[100,1k)",133,"[120,250)",532,366-730,1,2,10,172,1.0,0,1,43,47,3,2,0,1.0,0.0,0.0,0.0,0.0,0.0
11094,middle_active,0,-124,1,1,"(0,10]",0,0,0,0,2630,730+,1,2,2,1168,7.0,0,1,32,33,2,2,2,1.0,0.0,0.0,0.0,0.0,0.0
11101,high_active,0,-124,1,80,"(50,100]",3,"[1,10)",2,"[1,5)",135,91-180,0,0,19,620,1.0,0,1,18,175,3,2,0,1.0,0.0,1.0,0.0,0.0,0.0
11118,2_14_day_new,0,-124,0,16,"(10,50]",0,0,0,0,35,31-60,1,1,19,513,0.0,0,0,15,438,3,3,0,0.0,0.0,0.0,0.0,0.0,0.0
11130,full_active,0,-124,0,21,"(10,50]",7,"[1,10)",4,"[1,5)",431,366-730,0,5,10,111,,0,0,31,20,0,0,0,0.0,0.0,0.0,0.0,0.0,0.0
11160,high_active,0,-124,0,17,"(10,50]",1,"[1,10)",1,"[1,5)",100,91-180,0,4,19,641,1.0,0,1,18,413,4,0,0,1.0,0.0,0.0,0.0,0.0,0.0
11249,full_active,0,1,1,2138,500+,614,"[100,1k)",611,250+,1809,730+,1,3,29,920,1.0,0,0,13,361,1,3,0,1.0,0.0,0.0,0.0,0.0,0.0
11274,full_active,0,-124,1,131,"(100,150]",123,"[100,1k)",71,"[60,120)",276,181-365,0,4,29,977,2.0,0,1,43,136,3,3,0,1.0,0.0,0.0,0.0,0.0,0.0
11451,full_active,0,-124,1,1116,500+,269,"[100,1k)",231,"[120,250)",947,730+,1,2,19,620,1.0,0,0,15,109,3,3,0,0.0,0.0,0.0,0.0,0.0,0.0
11473,high_active,0,-124,0,52,"(50,100]",9,"[1,10)",5,"[5,30)",1238,730+,0,4,29,920,1.0,0,1,0,58,1,0,0,1.0,0.0,1.0,0.0,0.0,0.0
11791,full_active,0,-124,1,220,"(150,250]",209,"[100,1k)",186,"[120,250)",639,366-730,0,1,29,947,1.0,0,1,8,287,2,2,0,0.0,0.0,0.0,0.0,0.0,0.0
11853,full_active,0,-124,1,50,"(10,50]",10,"[10,100)",1,"[1,5)",670,366-730,0,3,19,547,2.0,0,1,9,402,1,3,0,1.0,0.0,0.0,0.0,0.0,0.0
11859,full_active,0,-124,1,669,500+,2027,"[1k,5k)",661,250+,1537,730+,0,1,2,1159,3.0,0,0,15,118,6,3,2,1.0,0.0,0.0,0.0,0.0,0.0
12060,full_active,0,-124,0,77,"(50,100]",2,"[1,10)",0,0,357,181-365,0,6,10,70,1.0,0,0,1,82,2,0,0,1.0,0.0,0.0,0.0,0.0,0.0
12170,high_active,0,1,1,1700,500+,189,"[100,1k)",138,"[120,250)",2518,730+,1,4,29,897,2.0,0,0,15,109,3,2,0,1.0,0.0,0.0,0.0,1.0,0.0
12196,middle_active,0,-124,1,255,"(250,500]",523,"[100,1k)",230,"[120,250)",1449,730+,0,1,2,1180,2.0,0,0,15,274,6,4,2,1.0,0.0,0.0,0.0,0.0,0.0
12230,full_active,0,1,1,1662,500+,438,"[100,1k)",318,250+,1560,730+,1,5,29,958,1.0,0,0,14,452,3,0,0,1.0,0.0,0.0,0.0,0.0,0.0
12254,high_active,0,-124,1,173,"(150,250]",42,"[10,100)",22,"[5,30)",438,366-730,1,4,19,570,0.0,0,0,31,242,3,2,0,0.0,0.0,0.0,0.0,0.0,0.0
12271,full_active,0,-124,1,298,"(250,500]",504,"[100,1k)",273,250+,1834,730+,0,2,2,1152,3.0,0,1,5,453,6,4,2,0.0,0.0,0.0,0.0,0.0,0.0
12279,high_active,0,-124,0,73,"(50,100]",0,0,0,0,1026,730+,1,4,19,531,2.0,0,1,43,68,3,2,0,1.0,0.0,0.0,0.0,0.0,0.0
12291,full_active,0,-124,1,33,"(10,50]",20,"[10,100)",13,"[5,30)",1778,730+,0,2,31,381,2.0,0,0,31,42,6,3,0,1.0,0.0,0.0,0.0,0.0,0.0
12352,full_active,0,-124,1,195,"(150,250]",38,"[10,100)",10,"[5,30)",1202,730+,1,5,31,438,1.0,0,0,26,38,1,4,0,1.0,0.0,0.0,0.0,0.0,0.0
12359,full_active,0,-124,1,174,"(150,250]",30,"[10,100)",22,"[5,30)",1189,730+,0,2,10,111,,0,0,19,378,3,4,0,1.0,0.0,0.0,0.0,0.0,0.0
12403,middle_active,0,-124,0,33,"(10,50]",0,0,0,0,552,366-730,1,6,29,879,0.0,0,1,9,310,3,3,0,1.0,0.0,1.0,0.0,0.0,0.0
12427,2_14_day_new,0,-124,1,296,"(250,500]",18,"[10,100)",9,"[5,30)",732,730+,0,6,31,364,0.0,0,0,13,188,3,3,0,1.0,0.0,0.0,0.0,0.0,0.0
12460,low_active,0,-124,1,90,"(50,100]",45,"[10,100)",41,"[30,60)",175,91-180,0,1,19,606,1.0,0,1,43,211,1,3,0,,,,,,
12546,full_active,0,-124,0,130,"(100,150]",12,"[10,100)",2,"[1,5)",173,91-180,1,4,29,880,1.0,0,0,33,195,1,2,0,,,,,,
12660,2_14_day_new,0,-124,1,62,"(50,100]",91,"[10,100)",16,"[5,30)",2559,730+,0,2,9,478,2.0,0,1,10,254,3,4,0,1.0,0.0,0.0,0.0,0.0,0.0
12678,full_active,0,-124,1,1034,500+,28,"[10,100)",4,"[1,5)",2303,730+,1,4,10,170,1.0,0,1,20,191,5,0,0,,,,,,
12735,full_active,0,1,1,136,"(100,150]",464,"[100,1k)",128,"[120,250)",2115,730+,1,2,29,937,3.0,0,1,8,287,2,2,0,1.0,0.0,1.0,0.0,0.0,0.0
12762,high_active,0,-124,1,302,"(250,500]",7,"[1,10)",6,"[5,30)",1103,730+,1,3,10,198,0.0,0,1,43,211,1,3,0,0.0,0.0,1.0,0.0,0.0,0.0
12832,full_active,0,-124,1,1,"(0,10]",5,"[1,10)",0,0,778,730+,0,4,29,955,3.0,0,1,9,402,1,4,0,1.0,0.0,0.0,0.0,0.0,0.0
12905,full_active,0,-124,1,219,"(150,250]",327,"[100,1k)",182,"[120,250)",2066,730+,0,2,29,955,3.0,0,0,33,107,1,3,0,0.0,0.0,0.0,0.0,0.0,0.0
12934,full_active,0,1,1,89,"(50,100]",305,"[100,1k)",4,"[1,5)",2091,730+,1,3,2,1169,8.0,0,1,44,147,4,2,2,1.0,0.0,0.0,0.0,0.0,0.0
13036,full_active,0,1,1,36,"(10,50]",10,"[10,100)",3,"[1,5)",1025,730+,1,3,2,1152,3.0,0,1,9,372,1,2,2,1.0,0.0,0.0,0.0,0.0,0.0
13041,full_active,0,1,1,32,"(10,50]",77,"[10,100)",26,"[5,30)",327,181-365,1,2,2,1169,8.0,0,1,8,200,5,2,2,1.0,0.0,0.0,0.0,0.0,0.0
13053,high_active,0,1,1,1,"(0,10]",18,"[10,100)",1,"[1,5)",1567,730+,1,2,28,861,,0,1,18,413,4,0,0,1.0,0.0,1.0,0.0,0.0,0.0
13097,full_active,0,1,1,405,"(250,500]",718,"[100,1k)",341,250+,1521,730+,1,4,29,947,1.0,0,0,26,124,1,3,0,1.0,0.0,0.0,0.0,0.0,0.0
13250,high_active,0,-124,0,8,"(0,10]",1,"[1,10)",1,"[1,5)",641,366-730,0,2,10,765,2.0,0,0,31,193,3,0,0,0.0,0.0,0.0,0.0,0.0,0.0
13331,full_active,0,-124,1,127,"(100,150]",240,"[100,1k)",76,"[60,120)",822,730+,0,6,29,1354,1.0,0,0,38,139,4,2,0,,,,,,
13350,high_active,0,-124,0,81,"(50,100]",1,"[1,10)",1,"[1,5)",69,61-90,0,1,29,1403,3.0,0,1,9,243,6,2,0,1.0,1.0,0.0,0.0,0.0,0.0
13376,full_active,0,-124,0,55,"(50,100]",4,"[1,10)",0,0,843,730+,1,4,29,1302,1.0,0,1,10,373,5,2,0,0.0,0.0,0.0,0.0,0.0,0.0
13412,full_active,0,1,1,991,500+,339,"[100,1k)",196,"[120,250)",1661,730+,0,4,29,1289,3.0,0,0,33,234,1,2,0,1.0,0.0,0.0,0.0,0.0,0.0
13449,full_active,0,-124,1,37,"(10,50]",2,"[1,10)",1,"[1,5)",254,181-365,0,6,41,1042,,0,0,15,178,3,2,0,1.0,0.0,1.0,0.0,0.0,0.0
13459,high_active,0,-124,1,159,"(150,250]",10,"[10,100)",8,"[5,30)",1322,730+,1,5,29,899,1.0,0,1,43,197,1,3,0,1.0,0.0,0.0,0.0,0.0,0.0
13533,full_active,0,1,1,37,"(10,50]",35,"[10,100)",2,"[1,5)",1764,730+,1,2,28,1003,,0,1,34,388,1,2,0,0.0,0.0,0.0,0.0,0.0,0.0
13571,middle_active,0,-124,1,83,"(50,100]",22,"[10,100)",0,0,652,366-730,1,1,29,952,4.0,0,1,43,221,4,3,0,1.0,0.0,1.0,0.0,0.0,0.0
13576,full_active,0,1,1,579,500+,257,"[100,1k)",163,"[120,250)",1682,730+,0,4,48,708,1.0,0,0,7,398,1,2,0,1.0,0.0,0.0,0.0,0.0,0.0
13580,middle_active,0,1,1,286,"(250,500]",588,"[100,1k)",276,250+,831,730+,1,2,2,1180,2.0,0,0,28,445,1,3,2,0.0,0.0,0.0,0.0,0.0,0.0
13687,full_active,0,-124,1,272,"(250,500]",202,"[100,1k)",163,"[120,250)",65,61-90,1,5,31,748,0.0,0,1,34,201,4,2,0,0.0,0.0,0.0,0.0,0.0,0.0
13693,middle_active,0,-124,1,99,"(50,100]",130,"[100,1k)",98,"[60,120)",100,91-180,1,1,2,1155,3.0,0,1,43,43,1,3,2,,,,,,
13697,full_active,0,-124,1,113,"(100,150]",28,"[10,100)",20,"[5,30)",1943,730+,1,2,2,1158,7.0,0,1,21,34,6,4,2,1.0,0.0,0.0,0.0,0.0,0.0
13743,high_active,0,-124,1,181,"(150,250]",26,"[10,100)",15,"[5,30)",540,366-730,1,1,2,1175,1.0,0,0,13,330,5,4,2,1.0,0.0,0.0,0.0,0.0,0.0
13763,full_active,0,-124,1,265,"(250,500]",5,"[1,10)",1,"[1,5)",642,366-730,1,5,10,230,1.0,0,1,34,341,6,2,0,1.0,0.0,1.0,0.0,0.0,0.0
13804,full_active,0,1,1,323,"(250,500]",21,"[10,100)",6,"[5,30)",972,730+,1,4,2,1160,4.0,0,0,15,274,6,2,2,1.0,0.0,0.0,0.0,0.0,0.0
13814,full_active,0,-124,1,36,"(10,50]",10,"[10,100)",7,"[5,30)",1759,730+,0,2,19,611,1.0,0,0,13,204,3,4,0,0.0,0.0,0.0,0.0,0.0,0.0
13821,high_active,0,1,1,123,"(100,150]",301,"[100,1k)",121,"[120,250)",1253,730+,1,1,9,296,0.0,0,1,34,273,3,3,0,0.0,0.0,0.0,0.0,0.0,0.0
13824,full_active,0,1,1,442,"(250,500]",1838,"[1k,5k)",413,250+,1596,730+,0,1,2,1153,4.0,0,1,43,336,3,3,2,1.0,0.0,0.0,0.0,0.0,0.0
13826,high_active,0,-124,1,130,"(100,150]",159,"[100,1k)",111,"[60,120)",2259,730+,0,2,19,583,1.0,0,0,13,204,3,4,0,0.0,0.0,0.0,0.0,0.0,0.0
13957,high_active,0,-124,1,892,500+,28,"[10,100)",14,"[5,30)",1228,730+,0,1,10,100,0.0,0,1,34,169,1,0,0,0.0,0.0,0.0,0.0,0.0,0.0
14025,full_active,0,1,1,1724,500+,779,"[100,1k)",441,250+,1971,730+,0,4,10,238,3.0,0,0,7,77,5,3,0,1.0,0.0,0.0,0.0,0.0,0.0
14026,full_active,0,-124,0,38,"(10,50]",15,"[10,100)",12,"[5,30)",1113,730+,1,4,29,1357,1.0,0,0,24,357,3,2,0,0.0,0.0,1.0,0.0,0.0,0.0
14100,full_active,0,-124,1,32,"(10,50]",40,"[10,100)",18,"[5,30)",1013,730+,0,1,2,1177,2.0,0,1,34,180,1,2,2,1.0,0.0,0.0,1.0,0.0,0.0
14176,high_active,0,-124,1,536,500+,5,"[1,10)",5,"[5,30)",262,181-365,1,0,2,1179,2.0,0,1,8,349,3,2,2,0.0,0.0,0.0,0.0,0.0,0.0
14254,full_active,0,-124,1,69,"(50,100]",30,"[10,100)",13,"[5,30)",1530,730+,1,1,2,1160,4.0,0,1,8,181,2,3,2,1.0,0.0,0.0,0.0,0.0,0.0
14271,full_active,0,-124,1,82,"(50,100]",130,"[100,1k)",61,"[60,120)",1033,730+,1,6,19,583,1.0,0,0,42,63,1,0,0,1.0,0.0,0.0,0.0,0.0,0.0
14300,high_active,0,-124,1,1450,500+,2003,"[1k,5k)",1424,250+,1071,730+,0,5,2,1156,4.0,0,1,21,205,3,3,2,1.0,0.0,0.0,0.0,0.0,0.0
14435,high_active,0,-124,1,332,"(250,500]",332,"[100,1k)",257,250+,1623,730+,0,4,29,1350,0.0,0,0,30,251,3,4,0,0.0,0.0,0.0,0.0,0.0,0.0
14534,full_active,0,-124,1,63,"(50,100]",67,"[10,100)",34,"[30,60)",704,366-730,0,2,31,369,1.0,0,1,10,373,5,2,0,1.0,0.0,0.0,0.0,0.0,0.0
14619,middle_active,0,-124,1,490,"(250,500]",377,"[100,1k)",331,250+,393,366-730,1,1,2,1151,3.0,0,1,43,366,3,3,2,1.0,0.0,0.0,0.0,0.0,0.0
14627,full_active,0,-124,1,126,"(100,150]",6,"[1,10)",1,"[1,5)",393,366-730,1,0,19,606,1.0,0,1,18,395,6,3,0,1.0,0.0,0.0,0.0,0.0,0.0
14751,full_active,0,1,1,802,500+,1993,"[1k,5k)",225,"[120,250)",1991,730+,0,4,10,271,3.0,0,0,28,367,3,4,0,0.0,0.0,1.0,0.0,0.0,0.0
14876,high_active,0,-124,1,398,"(250,500]",53,"[10,100)",45,"[30,60)",1098,730+,1,1,2,1153,4.0,0,0,15,214,6,4,2,1.0,0.0,0.0,0.0,0.0,0.0
14906,full_active,0,-124,1,311,"(250,500]",522,"[100,1k)",301,250+,856,730+,0,1,29,962,1.0,0,1,2,399,4,3,0,1.0,0.0,0.0,0.0,0.0,0.0
15027,full_active,0,1,1,251,"(250,500]",840,"[100,1k)",237,"[120,250)",984,730+,0,5,19,637,1.0,0,1,17,145,3,2,0,1.0,0.0,0.0,0.0,0.0,0.0
15076,full_active,0,-124,1,36,"(10,50]",6,"[1,10)",1,"[1,5)",124,91-180,1,2,2,1160,4.0,0,1,0,58,1,3,2,1.0,0.0,0.0,0.0,0.0,0.0
15164,full_active,0,-124,1,538,500+,399,"[100,1k)",370,250+,153,91-180,0,4,10,202,0.0,0,0,22,412,5,4,0,1.0,0.0,0.0,0.0,0.0,0.0
15209,full_active,0,-124,1,1258,500+,50,"[10,100)",28,"[5,30)",2254,730+,1,5,10,137,1.0,0,0,13,117,6,3,0,0.0,1.0,0.0,0.0,0.0,0.0
15308,low_active,0,-124,1,258,"(250,500]",23,"[10,100)",14,"[5,30)",981,730+,0,1,10,177,2.0,0,1,8,349,3,0,0,1.0,0.0,0.0,0.0,0.0,1.0
15321,middle_active,0,-124,1,511,500+,589,"[100,1k)",501,250+,404,366-730,1,1,19,605,1.0,0,1,34,80,1,3,0,0.0,0.0,0.0,0.0,0.0,0.0
15403,full_active,0,1,1,378,"(250,500]",465,"[100,1k)",104,"[60,120)",1786,730+,1,2,10,765,2.0,0,0,26,108,1,3,0,1.0,1.0,0.0,0.0,0.0,0.0
15569,full_active,0,1,1,313,"(250,500]",185,"[100,1k)",117,"[60,120)",1179,730+,1,3,29,966,2.0,0,1,10,152,3,4,0,0.0,0.0,0.0,0.0,0.0,0.0
15570,full_active,0,-124,1,186,"(150,250]",28,"[10,100)",3,"[1,5)",2587,730+,1,3,2,1159,3.0,0,1,2,399,4,4,2,1.0,0.0,0.0,0.0,0.0,0.0
15634,full_active,0,-124,1,186,"(150,250]",68,"[10,100)",25,"[5,30)",1780,730+,0,5,19,641,1.0,0,1,8,262,6,2,0,0.0,0.0,1.0,0.0,0.0,0.0
15784,full_active,0,1,1,592,500+,634,"[100,1k)",346,250+,1419,730+,1,4,9,715,3.0,0,1,8,344,6,3,0,1.0,0.0,0.0,0.0,0.0,0.0
15797,high_active,0,-124,1,72,"(50,100]",57,"[10,100)",20,"[5,30)",784,730+,1,6,2,1160,4.0,0,1,8,349,3,0,2,1.0,0.0,0.0,0.0,0.0,0.0
15909,high_active,0,1,1,515,500+,2268,"[1k,5k)",21,"[5,30)",1857,730+,1,4,2,1158,7.0,0,1,43,221,4,0,2,1.0,0.0,0.0,0.0,0.0,0.0
15985,middle_active,0,-124,1,267,"(250,500]",167,"[100,1k)",116,"[60,120)",545,366-730,1,1,19,606,1.0,0,1,0,360,6,3,0,0.0,0.0,0.0,0.0,0.0,0.0
16045,middle_active,0,-124,1,71,"(50,100]",4,"[1,10)",2,"[1,5)",1086,730+,1,5,19,592,1.0,0,1,8,200,5,3,0,0.0,0.0,0.0,0.0,0.0,0.0
16136,high_active,0,-124,1,627,500+,73,"[10,100)",56,"[30,60)",1182,730+,1,5,29,950,1.0,0,0,7,190,1,3,0,1.0,1.0,0.0,0.0,0.0,0.0
16267,2_14_day_new,0,-124,1,16,"(10,50]",3,"[1,10)",0,0,2624,730+,1,2,10,604,2.0,0,0,1,82,2,0,0,0.0,0.0,0.0,0.0,0.0,0.0
16304,high_active,0,-124,1,164,"(150,250]",7,"[1,10)",3,"[1,5)",702,366-730,0,1,2,1122,2.0,0,1,5,453,6,3,1,0.0,0.0,0.0,0.0,0.0,0.0
16355,high_active,0,-124,1,66,"(50,100]",52,"[10,100)",36,"[30,60)",780,730+,0,5,10,200,0.0,0,1,43,221,4,2,0,0.0,0.0,0.0,0.0,0.0,0.0
16421,full_active,0,-124,0,68,"(50,100]",4,"[1,10)",3,"[1,5)",33,31-60,0,1,0,8,1.0,0,1,21,103,3,0,0,0.0,0.0,0.0,0.0,0.0,0.0
16432,middle_active,0,-124,0,108,"(100,150]",6,"[1,10)",1,"[1,5)",428,366-730,0,4,19,622,1.0,0,0,15,93,6,3,0,1.0,0.0,0.0,0.0,0.0,0.0
16437,full_active,0,-124,1,117,"(100,150]",331,"[100,1k)",87,"[60,120)",850,730+,0,2,29,901,1.0,0,1,10,449,3,3,0,1.0,0.0,0.0,0.0,0.0,0.0
16446,full_active,0,-124,1,410,"(250,500]",50,"[10,100)",23,"[5,30)",915,730+,1,4,19,620,1.0,0,0,7,252,1,3,0,1.0,0.0,0.0,0.0,0.0,0.0
16450,high_active,0,-124,1,966,500+,29,"[10,100)",18,"[5,30)",1014,730+,1,6,21,673,1.0,0,0,38,139,4,2,0,0.0,0.0,0.0,0.0,0.0,0.0
16481,full_active,0,-124,1,654,500+,461,"[100,1k)",313,250+,561,366-730,0,6,31,363,0.0,0,1,34,201,4,2,0,1.0,0.0,0.0,0.0,0.0,0.0
16566,middle_active,0,-124,1,368,"(250,500]",244,"[100,1k)",243,"[120,250)",361,181-365,0,0,29,906,1.0,0,1,43,221,4,4,0,1.0,0.0,0.0,0.0,0.0,0.0
16567,high_active,0,1,1,358,"(250,500]",389,"[100,1k)",36,"[30,60)",2045,730+,1,2,2,1160,4.0,0,0,15,394,4,2,2,1.0,0.0,0.0,0.0,1.0,0.0
16617,full_active,0,-124,1,511,500+,90,"[10,100)",31,"[30,60)",1544,730+,0,5,31,381,2.0,0,0,22,412,5,3,0,1.0,0.0,0.0,0.0,0.0,0.0
16628,full_active,0,-124,1,421,"(250,500]",45,"[10,100)",45,"[30,60)",931,730+,1,1,19,637,1.0,0,1,10,373,5,2,0,1.0,0.0,1.0,0.0,0.0,0.0
16633,full_active,0,-124,1,20,"(10,50]",19,"[10,100)",7,"[5,30)",459,366-730,1,2,29,958,1.0,0,0,15,394,4,4,0,0.0,0.0,0.0,0.0,1.0,0.0
16748,full_active,0,-124,1,101,"(100,150]",16,"[10,100)",12,"[5,30)",892,730+,1,6,10,200,0.0,0,0,28,278,1,3,0,1.0,0.0,0.0,0.0,0.0,0.0
16766,full_active,0,-124,1,149,"(100,150]",154,"[100,1k)",55,"[30,60)",1834,730+,1,1,29,931,1.0,0,0,22,123,1,3,0,1.0,0.0,0.0,1.0,1.0,0.0
16807,full_active,0,-124,1,26,"(10,50]",169,"[100,1k)",3,"[1,5)",407,366-730,0,1,10,865,0.0,0,1,34,341,6,2,0,0.0,0.0,0.0,0.0,0.0,0.0
16839,full_active,0,-124,1,202,"(150,250]",12,"[10,100)",5,"[5,30)",2611,730+,1,3,2,1180,2.0,0,0,38,139,4,2,2,1.0,0.0,0.0,0.0,0.0,0.0
16890,full_active,0,1,1,338,"(250,500]",802,"[100,1k)",336,250+,1478,730+,0,2,2,1160,4.0,0,1,43,221,4,3,2,1.0,0.0,0.0,0.0,0.0,0.0
16915,high_active,0,1,1,323,"(250,500]",247,"[100,1k)",13,"[5,30)",2124,730+,1,6,10,1096,1.0,0,0,14,26,1,3,2,1.0,0.0,0.0,0.0,0.0,0.0
17027,full_active,0,-124,0,757,500+,345,"[100,1k)",343,250+,226,181-365,1,0,31,753,0.0,0,1,9,324,3,0,0,1.0,0.0,0.0,0.0,0.0,0.0
17049,high_active,0,-124,0,14,"(10,50]",1,"[1,10)",1,"[1,5)",231,181-365,0,1,19,620,1.0,0,0,15,69,6,3,0,1.0,0.0,0.0,0.0,0.0,0.0
17055,full_active,0,-124,1,179,"(150,250]",76,"[10,100)",21,"[5,30)",1183,730+,1,1,19,595,1.0,0,0,13,361,1,2,0,0.0,0.0,0.0,0.0,0.0,0.0
17067,high_active,0,-124,1,114,"(100,150]",118,"[100,1k)",73,"[60,120)",908,730+,1,3,10,301,0.0,0,1,43,43,1,3,0,1.0,1.0,0.0,0.0,0.0,0.0
17113,full_active,0,-124,1,127,"(100,150]",200,"[100,1k)",69,"[60,120)",1544,730+,1,1,2,1153,5.0,0,1,8,181,2,2,2,1.0,0.0,0.0,0.0,0.0,0.0
17157,high_active,0,-124,0,597,500+,2,"[1,10)",1,"[1,5)",458,366-730,0,6,10,464,2.0,0,0,31,275,5,0,0,0.0,1.0,0.0,0.0,0.0,0.0
17182,high_active,0,-124,1,413,"(250,500]",30,"[10,100)",12,"[5,30)",1261,730+,0,5,29,1302,1.0,0,0,24,137,5,2,0,1.0,0.0,0.0,0.0,0.0,0.0
17212,high_active,0,-124,1,1118,500+,5,"[1,10)",4,"[1,5)",261,181-365,0,1,10,232,1.0,0,0,31,42,6,0,0,1.0,0.0,1.0,0.0,0.0,0.0
17217,full_active,0,-124,1,90,"(50,100]",23,"[10,100)",4,"[1,5)",281,181-365,1,5,31,373,0.0,0,0,31,432,4,2,0,1.0,0.0,0.0,0.0,0.0,0.0
17225,high_active,0,-124,1,281,"(250,500]",16,"[10,100)",8,"[5,30)",1450,730+,1,4,10,111,,0,1,43,312,1,3,0,1.0,0.0,0.0,0.0,0.0,0.0
17367,full_active,0,-124,1,796,500+,801,"[100,1k)",537,250+,1715,730+,1,1,29,936,1.0,0,0,13,330,5,4,0,1.0,0.0,0.0,0.0,0.0,0.0
17381,full_active,0,-124,1,18,"(10,50]",3,"[1,10)",1,"[1,5)",101,91-180,0,2,10,177,2.0,0,1,9,88,5,2,0,0.0,0.0,0.0,0.0,0.0,0.0
17418,full_active,0,-124,0,88,"(50,100]",5,"[1,10)",5,"[5,30)",620,366-730,1,4,28,830,,0,0,31,37,3,0,0,1.0,0.0,0.0,0.0,0.0,0.0
17550,full_active,0,-124,1,1785,500+,129,"[100,1k)",94,"[60,120)",796,730+,1,5,2,1153,4.0,0,0,14,135,6,0,2,1.0,0.0,0.0,0.0,0.0,0.0
17557,2_14_day_new,0,-124,1,118,"(100,150]",11,"[10,100)",3,"[1,5)",1310,730+,1,5,28,210,,0,1,34,376,1,4,0,1.0,0.0,0.0,0.0,0.0,0.0
17779,full_active,0,-124,1,2781,500+,1892,"[1k,5k)",1776,250+,1257,730+,0,5,10,841,1.0,0,0,13,267,6,2,0,1.0,0.0,0.0,0.0,0.0,0.0
17849,full_active,0,-124,1,335,"(250,500]",501,"[100,1k)",310,250+,630,366-730,0,1,2,1153,4.0,0,1,0,102,5,2,2,1.0,0.0,0.0,0.0,0.0,0.0
17872,high_active,0,-124,1,76,"(50,100]",303,"[100,1k)",30,"[30,60)",1563,730+,1,5,19,629,1.0,0,0,31,296,3,2,0,0.0,0.0,1.0,0.0,0.0,0.0
17899,full_active,0,-124,1,71,"(50,100]",36,"[10,100)",22,"[5,30)",1578,730+,1,2,31,382,3.0,0,1,2,399,4,2,0,1.0,0.0,0.0,0.0,0.0,0.0
18018,high_active,0,-124,0,16,"(10,50]",6,"[1,10)",6,"[5,30)",275,181-365,0,1,19,516,0.0,0,0,15,274,6,4,0,0.0,0.0,0.0,0.0,0.0,0.0
18091,2_14_day_new,0,-124,1,246,"(150,250]",421,"[100,1k)",243,"[120,250)",1637,730+,1,2,16,839,2.0,0,0,31,193,3,3,0,1.0,1.0,0.0,0.0,0.0,0.0
18162,full_active,0,1,1,949,500+,1300,"[1k,5k)",585,250+,1730,730+,0,5,19,625,2.0,0,0,13,333,6,0,0,1.0,0.0,0.0,0.0,0.0,0.0
18294,middle_active,0,-124,1,278,"(250,500]",685,"[100,1k)",240,"[120,250)",1543,730+,1,2,2,1158,5.0,0,1,43,136,3,3,2,1.0,0.0,0.0,0.0,0.0,0.0
18339,full_active,0,-124,1,145,"(100,150]",518,"[100,1k)",29,"[5,30)",1693,730+,0,4,2,1165,6.0,0,0,24,433,6,3,2,1.0,0.0,0.0,0.0,0.0,0.0
18478,full_active,0,-124,0,21,"(10,50]",2,"[1,10)",1,"[1,5)",1966,730+,1,4,10,137,1.0,0,0,31,275,5,2,0,1.0,0.0,0.0,0.0,0.0,0.0
18508,full_active,0,-124,0,681,500+,4,"[1,10)",3,"[1,5)",569,366-730,0,5,10,101,0.0,0,0,30,119,1,4,0,1.0,0.0,0.0,0.0,0.0,0.0
18518,full_active,0,-124,1,25,"(10,50]",25,"[10,100)",21,"[5,30)",824,730+,0,1,29,920,1.0,0,0,13,392,6,3,0,1.0,0.0,0.0,0.0,0.0,0.0
18523,full_active,0,1,1,1373,500+,6,"[1,10)",5,"[5,30)",1631,730+,1,2,19,592,1.0,0,1,8,349,3,3,0,1.0,0.0,0.0,0.0,0.0,0.0
18560,full_active,0,-124,0,1,"(0,10]",0,0,0,0,103,91-180,1,5,19,580,1.0,0,0,13,330,5,0,0,1.0,0.0,0.0,0.0,0.0,0.0
18683,high_active,0,-124,1,49,"(10,50]",15,"[10,100)",6,"[5,30)",1224,730+,0,6,10,183,2.0,0,0,13,117,6,0,0,1.0,0.0,0.0,0.0,0.0,0.0
18690,full_active,0,-124,1,42,"(10,50]",63,"[10,100)",33,"[30,60)",1786,730+,0,1,19,605,1.0,0,1,8,287,2,2,0,0.0,0.0,0.0,0.0,0.0,0.0
18721,full_active,0,-124,1,5,"(0,10]",21,"[10,100)",2,"[1,5)",912,730+,0,2,29,1356,1.0,0,1,20,286,6,2,0,1.0,0.0,0.0,0.0,0.0,0.0
18775,full_active,0,-124,0,63,"(50,100]",0,0,0,0,406,366-730,1,2,31,377,2.0,0,1,8,200,5,3,0,1.0,0.0,0.0,0.0,0.0,0.0
18921,full_active,0,-124,0,115,"(100,150]",4,"[1,10)",0,0,480,366-730,1,2,2,1160,4.0,0,1,44,238,4,2,2,1.0,0.0,0.0,0.0,0.0,0.0
18935,full_active,0,-124,1,111,"(100,150]",16,"[10,100)",13,"[5,30)",348,181-365,1,4,19,653,3.0,0,0,31,42,6,0,0,,,,,,
18940,2_14_day_new,0,-124,0,98,"(50,100]",5,"[1,10)",1,"[1,5)",1613,730+,0,2,2,1166,9.0,0,1,32,33,2,2,2,0.0,0.0,0.0,0.0,0.0,0.0
19131,full_active,0,-124,1,272,"(250,500]",378,"[100,1k)",258,250+,1128,730+,0,1,2,1160,4.0,0,0,13,117,6,4,2,1.0,0.0,0.0,0.0,0.0,0.0
19145,full_active,0,-124,1,47,"(10,50]",7,"[1,10)",2,"[1,5)",417,366-730,1,2,31,376,2.0,0,1,34,341,6,0,0,0.0,0.0,0.0,1.0,1.0,0.0
19172,full_active,0,-124,1,22,"(10,50]",5,"[1,10)",1,"[1,5)",703,366-730,0,4,31,435,1.0,0,0,31,271,6,0,0,1.0,0.0,0.0,0.0,0.0,0.0
19243,high_active,0,-124,1,57,"(50,100]",16,"[10,100)",0,0,143,91-180,1,1,29,950,1.0,0,0,26,408,6,3,0,,,,,,
19262,full_active,0,-124,0,517,500+,61,"[10,100)",45,"[30,60)",1190,730+,0,4,29,882,1.0,0,0,22,239,1,3,0,0.0,0.0,0.0,0.0,0.0,0.0
19309,high_active,0,-124,1,166,"(150,250]",13,"[10,100)",0,0,318,181-365,1,4,29,888,2.0,0,0,38,139,4,4,0,,,,,,
19320,middle_active,0,-124,1,157,"(150,250]",35,"[10,100)",14,"[5,30)",1125,730+,0,1,29,950,1.0,0,0,13,183,6,3,1,1.0,0.0,0.0,0.0,0.0,0.0
19345,full_active,0,-124,1,178,"(150,250]",70,"[10,100)",50,"[30,60)",1221,730+,0,5,10,854,1.0,0,1,17,198,3,0,0,1.0,0.0,0.0,0.0,0.0,0.0
19364,full_active,0,-124,1,177,"(150,250]",67,"[10,100)",55,"[30,60)",617,366-730,0,4,10,262,0.0,0,1,43,43,1,3,0,1.0,0.0,0.0,0.0,0.0,0.0
19482,middle_active,0,-124,1,1354,500+,2018,"[1k,5k)",1280,250+,821,730+,0,1,10,262,0.0,0,1,43,250,1,3,0,0.0,1.0,0.0,0.0,0.0,0.0
19621,full_active,0,1,1,37,"(10,50]",10,"[10,100)",1,"[1,5)",413,366-730,1,2,2,1160,4.0,0,1,8,64,5,2,2,1.0,0.0,0.0,0.0,0.0,0.0
19627,full_active,0,-124,0,91,"(50,100]",6,"[1,10)",6,"[5,30)",250,181-365,0,4,10,177,2.0,0,0,31,193,3,0,0,1.0,0.0,0.0,0.0,0.0,0.0
19682,full_active,0,-124,1,142,"(100,150]",51,"[10,100)",35,"[30,60)",1933,730+,0,5,10,662,1.0,0,0,26,408,6,0,0,0.0,0.0,0.0,0.0,0.0,0.0
19692,middle_active,0,-124,1,32,"(10,50]",47,"[10,100)",4,"[1,5)",874,730+,0,1,2,1141,4.0,0,0,13,183,6,3,1,0.0,0.0,0.0,0.0,0.0,0.0
19727,full_active,0,1,1,86,"(50,100]",2620,"[1k,5k)",82,"[60,120)",1067,730+,0,2,2,1157,4.0,0,0,42,112,1,3,2,1.0,0.0,0.0,0.0,0.0,0.0
19933,middle_active,0,-124,0,6,"(0,10]",0,0,0,0,343,181-365,1,4,19,618,3.0,0,1,8,181,2,0,0,1.0,0.0,0.0,0.0,0.0,0.0
19950,full_active,0,-124,0,1,"(0,10]",0,0,0,0,293,181-365,1,4,2,1170,5.0,0,1,18,413,4,2,2,1.0,0.0,0.0,0.0,0.0,0.0
19967,full_active,0,-124,1,223,"(150,250]",182,"[100,1k)",134,"[120,250)",1560,730+,1,4,29,880,1.0,0,0,7,323,1,4,0,1.0,0.0,1.0,0.0,0.0,0.0
19968,full_active,0,-124,1,175,"(150,250]",2,"[1,10)",1,"[1,5)",1612,730+,1,4,31,369,1.0,0,1,9,88,5,2,0,1.0,0.0,1.0,0.0,0.0,0.0
20045,full_active,0,1,1,347,"(250,500]",717,"[100,1k)",221,"[120,250)",1942,730+,0,2,2,1171,5.0,0,0,14,62,1,3,2,1.0,0.0,0.0,0.0,0.0,0.0
20197,full_active,0,-124,1,31,"(10,50]",15,"[10,100)",10,"[5,30)",1179,730+,1,2,19,595,1.0,0,0,42,72,1,0,0,1.0,0.0,0.0,0.0,0.0,0.0
20409,full_active,0,-124,1,920,500+,44,"[10,100)",28,"[5,30)",1103,730+,0,3,19,641,1.0,0,1,44,289,5,2,0,0.0,0.0,0.0,0.0,0.0,0.0
20508,full_active,0,-124,0,103,"(100,150]",1,"[1,10)",1,"[1,5)",59,31-60,1,1,19,578,1.0,0,1,0,360,6,0,0,0.0,0.0,0.0,0.0,0.0,0.0
20547,full_active,0,-124,1,153,"(150,250]",104,"[100,1k)",45,"[30,60)",2542,730+,0,2,31,740,1.0,0,0,15,394,4,3,0,1.0,0.0,0.0,0.0,0.0,0.0
20551,full_active,0,-124,1,4990,500+,2693,"[1k,5k)",1987,250+,1422,730+,0,5,22,371,1.0,0,0,19,396,3,0,0,1.0,1.0,0.0,0.0,0.0,0.0
20585,full_active,0,-124,1,34,"(10,50]",8,"[1,10)",6,"[5,30)",768,730+,1,1,31,736,0.0,0,1,43,43,1,3,0,1.0,1.0,0.0,0.0,0.0,0.0
20631,middle_active,0,-124,1,1,"(0,10]",5,"[1,10)",0,0,435,366-730,0,2,2,1211,12.0,0,1,44,238,4,2,2,1.0,0.0,0.0,0.0,0.0,0.0
20654,middle_active,0,-124,0,89,"(50,100]",6,"[1,10)",3,"[1,5)",1274,730+,0,2,2,1164,5.0,0,1,10,389,6,0,2,1.0,0.0,0.0,0.0,0.0,0.0
20692,high_active,0,1,1,20,"(10,50]",8,"[1,10)",5,"[5,30)",699,366-730,1,3,29,1304,3.0,0,0,33,107,1,3,0,1.0,0.0,1.0,1.0,1.0,1.0
20750,full_active,0,-124,1,383,"(250,500]",2,"[1,10)",1,"[1,5)",525,366-730,0,1,10,285,1.0,0,0,15,93,6,3,0,0.0,0.0,0.0,0.0,0.0,0.0
20774,full_active,0,1,1,40,"(10,50]",476,"[100,1k)",21,"[5,30)",724,366-730,0,1,10,287,1.0,0,0,26,124,1,3,0,1.0,0.0,0.0,0.0,0.0,0.0
20872,full_active,0,1,1,232,"(150,250]",1105,"[1k,5k)",224,"[120,250)",1605,730+,1,4,10,1004,1.0,0,0,26,38,1,3,0,0.0,0.0,0.0,0.0,0.0,0.0
20937,full_active,0,-124,1,452,"(250,500]",90,"[10,100)",17,"[5,30)",1513,730+,0,3,29,941,2.0,0,1,21,103,3,3,0,1.0,0.0,0.0,0.0,0.0,0.0
21002,full_active,0,-124,1,3,"(0,10]",17,"[10,100)",3,"[1,5)",1187,730+,0,5,29,891,1.0,0,0,31,354,3,3,0,,,,,,
21030,high_active,0,-124,0,18,"(10,50]",3,"[1,10)",3,"[1,5)",317,181-365,1,6,31,735,0.0,0,0,19,111,6,0,0,1.0,0.0,1.0,0.0,0.0,0.0
21060,high_active,0,-124,1,629,500+,331,"[100,1k)",76,"[60,120)",1652,730+,1,1,29,1297,1.0,0,1,8,419,3,3,0,1.0,0.0,0.0,0.0,0.0,0.0
21099,high_active,0,-124,1,230,"(150,250]",374,"[100,1k)",228,"[120,250)",1359,730+,0,1,2,1181,1.0,0,1,9,88,5,3,0,1.0,0.0,0.0,0.0,0.0,0.0
21122,full_active,0,-124,1,55,"(50,100]",253,"[100,1k)",46,"[30,60)",1311,730+,1,1,10,854,1.0,0,1,10,254,3,4,0,0.0,0.0,0.0,0.0,0.0,0.0
21164,full_active,0,-124,0,395,"(250,500]",1,"[1,10)",1,"[1,5)",803,730+,1,4,10,114,0.0,0,0,1,82,2,3,0,1.0,0.0,1.0,0.0,0.0,0.0
21205,high_active,0,-124,1,43,"(10,50]",18,"[10,100)",4,"[1,5)",1688,730+,0,4,2,1160,4.0,0,0,33,228,1,3,2,1.0,0.0,0.0,0.0,0.0,0.0
21256,middle_active,0,-124,1,455,"(250,500]",5,"[1,10)",4,"[1,5)",1390,730+,1,0,29,1340,1.0,0,1,0,160,3,0,0,,,,,,
21361,full_active,0,1,1,35,"(10,50]",167,"[100,1k)",34,"[30,60)",462,366-730,1,1,29,906,1.0,0,1,18,362,6,3,0,1.0,0.0,0.0,0.0,0.0,0.0
21578,2_14_day_new,0,-124,0,371,"(250,500]",8,"[1,10)",4,"[1,5)",834,730+,1,4,10,77,1.0,0,1,44,400,5,3,0,1.0,0.0,0.0,0.0,0.0,0.0
21626,middle_active,0,-124,1,4,"(0,10]",17,"[10,100)",4,"[1,5)",210,181-365,0,4,2,1153,4.0,0,1,8,259,6,3,2,1.0,0.0,0.0,0.0,0.0,0.0
21637,full_active,0,-124,1,1100,500+,1413,"[1k,5k)",1085,250+,1128,730+,0,1,19,628,1.0,0,0,42,223,1,3,0,1.0,0.0,0.0,0.0,0.0,0.0
21684,full_active,0,-124,1,40,"(10,50]",7,"[1,10)",3,"[1,5)",2313,730+,1,4,31,436,0.0,0,1,0,417,6,2,0,0.0,0.0,0.0,0.0,0.0,0.0
21784,full_active,0,-124,1,84,"(50,100]",161,"[100,1k)",82,"[60,120)",1214,730+,1,1,2,1159,3.0,0,1,10,389,6,2,2,1.0,0.0,0.0,0.0,0.0,0.0
21898,full_active,0,-124,1,379,"(250,500]",53,"[10,100)",43,"[30,60)",1406,730+,0,2,19,641,1.0,0,0,13,67,6,4,0,1.0,0.0,0.0,0.0,0.0,0.0
22014,high_active,0,1,1,493,"(250,500]",39,"[10,100)",19,"[5,30)",1585,730+,1,4,29,951,3.0,0,1,20,191,5,3,0,1.0,0.0,1.0,0.0,0.0,0.0
22020,full_active,0,1,1,222,"(150,250]",36,"[10,100)",16,"[5,30)",1440,730+,0,3,10,464,2.0,0,0,30,368,4,2,0,1.0,0.0,0.0,0.0,0.0,0.0
22023,high_active,0,-124,0,1065,500+,4,"[1,10)",4,"[1,5)",245,181-365,0,5,29,1355,0.0,0,1,9,310,3,2,0,0.0,0.0,0.0,0.0,0.0,0.0
22025,high_active,0,1,1,86,"(50,100]",132,"[100,1k)",13,"[5,30)",996,730+,0,2,2,1159,3.0,0,1,18,413,4,2,2,1.0,0.0,0.0,0.0,0.0,0.0
22030,high_active,0,-124,1,564,500+,105,"[100,1k)",86,"[60,120)",487,366-730,0,4,10,443,0.0,0,0,22,412,5,0,0,1.0,0.0,0.0,0.0,0.0,0.0
22197,full_active,0,1,1,451,"(250,500]",863,"[100,1k)",309,250+,2247,730+,0,2,2,1160,4.0,0,0,30,368,4,2,2,1.0,0.0,0.0,0.0,0.0,0.0
22217,middle_active,0,-124,1,9,"(0,10]",5,"[1,10)",2,"[1,5)",305,181-365,0,1,29,1348,0.0,0,0,26,124,1,3,0,0.0,0.0,0.0,0.0,0.0,0.0
22294,full_active,0,-124,1,183,"(150,250]",131,"[100,1k)",64,"[60,120)",1095,730+,1,5,31,377,2.0,0,0,38,139,4,2,0,0.0,0.0,1.0,0.0,0.0,0.0
22313,full_active,0,1,1,1561,500+,116545,"[10w,100w)",364,250+,1742,730+,0,3,19,579,1.0,0,0,31,42,6,3,0,1.0,0.0,0.0,0.0,0.0,0.0
22409,high_active,0,-124,1,746,500+,289,"[100,1k)",285,250+,556,366-730,1,0,29,1392,1.0,0,1,43,136,3,3,0,1.0,0.0,0.0,0.0,0.0,0.0
22504,high_active,0,1,1,59,"(50,100]",30,"[10,100)",13,"[5,30)",2648,730+,1,4,2,1202,4.0,0,0,24,359,1,2,2,1.0,0.0,0.0,0.0,0.0,0.0
22506,full_active,0,-124,1,209,"(150,250]",2717,"[1k,5k)",194,"[120,250)",242,181-365,0,5,29,936,1.0,0,0,31,354,3,3,0,1.0,0.0,1.0,0.0,0.0,0.0
22521,full_active,0,-124,0,10,"(0,10]",3,"[1,10)",1,"[1,5)",264,181-365,1,4,19,634,2.0,0,0,30,185,1,3,0,1.0,0.0,0.0,0.0,0.0,0.0
22592,full_active,0,-124,1,299,"(250,500]",2266,"[1k,5k)",286,250+,407,366-730,0,1,2,1151,3.0,0,1,2,399,4,3,2,1.0,0.0,0.0,0.0,0.0,0.0
22633,full_active,0,1,1,466,"(250,500]",43,"[10,100)",38,"[30,60)",1175,730+,1,4,19,628,1.0,0,0,33,107,1,2,0,0.0,0.0,0.0,0.0,0.0,0.0
22751,full_active,0,-124,1,646,500+,28,"[10,100)",7,"[5,30)",1186,730+,1,5,10,50,1.0,0,0,24,410,3,3,0,0.0,1.0,1.0,0.0,0.0,1.0
22836,full_active,0,-124,1,3,"(0,10]",8,"[1,10)",1,"[1,5)",296,181-365,1,3,29,973,1.0,0,1,43,230,1,3,0,1.0,0.0,0.0,0.0,0.0,0.0
22967,full_active,0,-124,1,3,"(0,10]",7,"[1,10)",2,"[1,5)",758,730+,0,1,28,1270,1.0,0,1,10,254,3,3,0,1.0,0.0,0.0,0.0,0.0,0.0
23024,full_active,0,-124,1,217,"(150,250]",14,"[10,100)",4,"[1,5)",806,730+,1,2,29,920,1.0,0,1,8,64,5,2,0,0.0,0.0,0.0,0.0,0.0,0.0
23099,full_active,0,-124,1,72,"(50,100]",331,"[100,1k)",58,"[30,60)",1073,730+,0,1,29,931,1.0,0,1,43,226,1,3,0,0.0,0.0,0.0,0.0,0.0,0.0
23108,middle_active,0,-124,1,230,"(150,250]",6,"[1,10)",3,"[1,5)",194,181-365,0,2,10,327,0.0,0,0,30,406,1,2,0,0.0,0.0,0.0,0.0,0.0,0.0
23232,2_14_day_new,0,-124,1,79,"(50,100]",78,"[10,100)",77,"[60,120)",1311,730+,0,2,13,352,1.0,0,0,15,394,4,2,0,0.0,0.0,1.0,0.0,1.0,0.0
23247,2_14_day_new,0,-124,1,383,"(250,500]",89,"[10,100)",41,"[30,60)",1025,730+,1,2,10,851,3.0,0,0,22,412,5,2,0,1.0,0.0,0.0,0.0,0.0,0.0
23257,full_active,0,-124,1,31,"(10,50]",29,"[10,100)",23,"[5,30)",778,730+,0,1,10,243,0.0,0,1,18,362,6,2,0,1.0,0.0,1.0,0.0,0.0,0.0
23274,full_active,0,1,1,271,"(250,500]",449,"[100,1k)",15,"[5,30)",2306,730+,1,3,10,127,2.0,0,0,30,368,4,2,0,1.0,0.0,0.0,0.0,0.0,0.0
23377,middle_active,0,1,1,1666,500+,2291,"[1k,5k)",1458,250+,1288,730+,0,1,2,1180,2.0,0,1,43,211,1,3,2,0.0,0.0,0.0,0.0,0.0,0.0
23419,full_active,0,-124,0,4534,500+,4,"[1,10)",1,"[1,5)",1486,730+,1,2,2,1160,4.0,0,1,20,348,4,4,2,0.0,0.0,0.0,0.0,0.0,0.0
23438,full_active,0,-124,0,291,"(250,500]",18,"[10,100)",0,0,1190,730+,1,6,29,973,1.0,0,1,20,191,5,3,0,1.0,0.0,0.0,0.0,0.0,0.0
23467,full_active,0,1,1,173,"(150,250]",209,"[100,1k)",130,"[120,250)",1057,730+,1,4,48,691,1.0,0,1,43,43,1,3,0,1.0,0.0,0.0,0.0,0.0,0.0
23497,full_active,0,1,1,534,500+,793,"[100,1k)",483,250+,780,730+,0,1,2,1160,4.0,0,1,21,34,6,4,2,1.0,0.0,0.0,0.0,0.0,0.0
23499,full_active,0,1,1,18,"(10,50]",1315,"[1k,5k)",18,"[5,30)",773,730+,0,6,2,1156,5.0,0,1,8,181,2,4,2,1.0,0.0,0.0,0.0,0.0,0.0
23502,high_active,0,1,1,1135,500+,1482,"[1k,5k)",1123,250+,1109,730+,1,3,22,371,1.0,0,1,20,191,5,0,0,1.0,1.0,0.0,0.0,0.0,0.0
23554,full_active,0,-124,0,24,"(10,50]",0,0,0,0,766,730+,1,4,10,166,1.0,0,1,34,80,1,3,0,1.0,0.0,0.0,0.0,0.0,0.0
23578,high_active,0,1,1,551,500+,261,"[100,1k)",87,"[60,120)",1848,730+,1,6,29,1316,1.0,0,0,33,195,1,3,0,0.0,0.0,0.0,0.0,0.0,0.0
23586,full_active,0,-124,1,313,"(250,500]",11,"[10,100)",5,"[5,30)",1522,730+,0,1,19,656,2.0,0,0,1,82,2,0,0,1.0,1.0,1.0,0.0,0.0,0.0
23599,high_active,0,-124,0,151,"(150,250]",0,0,0,0,680,366-730,0,2,2,1158,7.0,0,0,24,264,4,0,2,1.0,0.0,0.0,0.0,0.0,0.0
23754,full_active,0,-124,1,73,"(50,100]",120,"[100,1k)",45,"[30,60)",2131,730+,0,2,29,906,1.0,0,1,10,152,3,4,0,1.0,0.0,0.0,0.0,0.0,0.0
23815,full_active,0,-124,1,65,"(50,100]",8,"[1,10)",5,"[5,30)",796,730+,0,1,10,109,0.0,0,1,9,88,5,3,0,0.0,0.0,0.0,0.0,0.0,0.0
23970,full_active,0,-124,1,684,500+,438,"[100,1k)",406,250+,1131,730+,0,1,29,1329,2.0,0,0,28,278,1,3,0,1.0,1.0,0.0,0.0,0.0,0.0
24021,full_active,0,-124,1,281,"(250,500]",46,"[10,100)",30,"[30,60)",2375,730+,1,4,31,752,1.0,0,1,8,259,6,2,0,1.0,0.0,1.0,0.0,0.0,0.0
24081,full_active,0,-124,1,113,"(100,150]",300,"[100,1k)",93,"[60,120)",1718,730+,1,1,2,1165,6.0,0,0,15,32,1,4,2,1.0,0.0,0.0,0.0,0.0,0.0
24085,full_active,0,-124,1,101,"(100,150]",8,"[1,10)",0,0,2164,730+,0,3,2,1165,6.0,0,1,18,189,1,4,2,1.0,0.0,0.0,0.0,0.0,0.0
24134,full_active,0,1,1,482,"(250,500]",2,"[1,10)",1,"[1,5)",482,366-730,1,2,2,1160,4.0,0,1,8,287,2,2,2,0.0,0.0,0.0,0.0,1.0,0.0
24142,full_active,0,1,1,158,"(150,250]",560,"[100,1k)",142,"[120,250)",1594,730+,0,5,29,947,1.0,0,0,31,354,3,3,0,1.0,0.0,1.0,1.0,0.0,0.0
24255,full_active,0,-124,1,98,"(50,100]",0,0,0,0,1223,730+,0,2,2,1177,2.0,6,2,35,20,0,0,2,,,,,,
24263,full_active,0,-124,1,32,"(10,50]",66,"[10,100)",4,"[1,5)",1322,730+,1,3,2,1159,3.0,0,1,18,256,3,4,2,1.0,0.0,0.0,0.0,0.0,0.0
24288,full_active,0,-124,1,77,"(50,100]",12,"[10,100)",1,"[1,5)",764,730+,1,3,10,1025,3.0,0,0,15,178,3,3,0,1.0,0.0,0.0,0.0,0.0,0.0
24293,full_active,0,-124,1,23,"(10,50]",63,"[10,100)",23,"[5,30)",1653,730+,0,2,20,290,3.0,0,1,34,430,1,3,0,1.0,0.0,0.0,0.0,0.0,0.0
24385,full_active,0,-124,1,199,"(150,250]",8,"[1,10)",2,"[1,5)",263,181-365,1,4,29,978,1.0,0,0,1,82,2,2,0,1.0,1.0,1.0,0.0,0.0,0.0
24386,full_active,0,1,1,280,"(250,500]",240,"[100,1k)",144,"[120,250)",1734,730+,0,1,2,1160,4.0,0,0,22,412,5,3,2,1.0,0.0,0.0,0.0,0.0,0.0
24418,full_active,0,1,1,1848,500+,782,"[100,1k)",452,250+,1762,730+,0,4,11,967,1.0,0,0,13,267,6,3,0,1.0,0.0,0.0,0.0,0.0,0.0
24477,full_active,0,-124,1,439,"(250,500]",175,"[100,1k)",114,"[60,120)",1151,730+,0,5,30,948,2.0,0,0,7,323,1,3,0,1.0,0.0,0.0,0.0,0.0,0.0
24523,full_active,0,-124,1,331,"(250,500]",410,"[100,1k)",143,"[120,250)",1862,730+,0,4,19,601,1.0,0,0,13,392,6,3,0,1.0,0.0,1.0,0.0,0.0,0.0
24617,high_active,0,-124,1,5,"(0,10]",22,"[10,100)",1,"[1,5)",1187,730+,1,4,19,582,2.0,0,1,43,211,1,3,0,1.0,0.0,0.0,0.0,0.0,0.0
24683,high_active,0,-124,1,54,"(50,100]",7,"[1,10)",5,"[5,30)",995,730+,1,4,10,189,3.0,0,0,1,82,2,2,0,1.0,0.0,0.0,0.0,0.0,0.0
24726,full_active,0,-124,0,14,"(10,50]",5,"[1,10)",0,0,125,91-180,0,4,10,1066,3.0,0,0,28,367,3,0,0,1.0,0.0,1.0,0.0,0.0,0.0
24752,full_active,0,-124,1,105,"(100,150]",104,"[100,1k)",29,"[5,30)",2041,730+,0,2,29,926,1.0,0,1,44,101,5,3,0,1.0,0.0,0.0,0.0,0.0,0.0
25109,high_active,0,-124,1,400,"(250,500]",32,"[10,100)",14,"[5,30)",1625,730+,1,4,19,578,1.0,0,0,24,433,6,2,0,1.0,0.0,0.0,0.0,0.0,0.0
25129,2_14_day_new,0,-124,1,60,"(50,100]",86,"[10,100)",52,"[30,60)",336,181-365,0,2,2,1153,4.0,0,1,0,417,6,3,2,1.0,0.0,0.0,0.0,0.0,0.0
25138,full_active,0,-124,1,80,"(50,100]",813,"[100,1k)",77,"[60,120)",1760,730+,0,1,2,1159,4.0,0,1,8,181,2,3,2,1.0,0.0,0.0,0.0,0.0,0.0
25157,full_active,0,-124,1,460,"(250,500]",835,"[100,1k)",459,250+,1025,730+,0,1,2,1180,2.0,0,0,42,63,1,2,2,0.0,0.0,0.0,0.0,0.0,0.0
25177,full_active,0,-124,1,463,"(250,500]",26,"[10,100)",13,"[5,30)",749,730+,0,6,2,1145,3.0,0,0,14,339,3,0,1,,,,,,
25247,full_active,0,1,1,12,"(10,50]",14,"[10,100)",12,"[5,30)",1272,730+,1,2,9,136,1.0,0,1,34,80,1,3,0,0.0,0.0,0.0,0.0,0.0,0.0
25302,full_active,0,-124,0,157,"(150,250]",30,"[10,100)",25,"[5,30)",693,366-730,0,4,2,1176,2.0,0,0,31,42,6,0,2,,,,,,
25326,full_active,0,-124,1,76,"(50,100]",67,"[10,100)",34,"[30,60)",835,730+,0,3,29,990,1.0,0,0,28,367,3,2,0,1.0,0.0,0.0,0.0,0.0,0.0
25327,full_active,0,-124,0,376,"(250,500]",37,"[10,100)",17,"[5,30)",1753,730+,0,6,9,479,1.0,0,0,13,267,6,3,0,1.0,0.0,0.0,0.0,0.0,0.0
25395,full_active,0,1,1,351,"(250,500]",50,"[10,100)",11,"[5,30)",1031,730+,1,4,29,937,3.0,0,0,22,412,5,3,0,1.0,0.0,0.0,0.0,0.0,0.0
25476,full_active,0,1,1,951,500+,2110,"[1k,5k)",906,250+,1372,730+,0,1,2,1157,5.0,0,1,43,221,4,4,2,1.0,0.0,0.0,0.0,0.0,0.0
25487,full_active,0,-124,1,379,"(250,500]",624,"[100,1k)",378,250+,515,366-730,0,1,2,1176,2.0,0,1,5,332,5,2,2,1.0,0.0,0.0,0.0,0.0,0.0
25561,full_active,0,1,1,47,"(10,50]",41,"[10,100)",5,"[5,30)",2149,730+,1,3,19,620,1.0,0,0,19,378,3,4,0,0.0,0.0,0.0,0.0,0.0,0.0
25648,full_active,0,-124,1,1477,500+,53,"[10,100)",18,"[5,30)",1768,730+,1,4,10,477,8.0,0,0,22,320,1,2,0,1.0,0.0,0.0,0.0,0.0,0.0
25670,full_active,0,-124,1,14,"(10,50]",8,"[1,10)",7,"[5,30)",465,366-730,0,4,10,552,3.0,0,1,34,273,3,0,0,1.0,0.0,0.0,0.0,0.0,0.0
25759,middle_active,0,-124,1,599,500+,57,"[10,100)",22,"[5,30)",811,730+,1,1,2,1159,3.0,0,0,31,343,3,3,2,0.0,0.0,0.0,0.0,0.0,0.0
25945,full_active,0,-124,0,28,"(10,50]",0,0,0,0,1256,730+,1,4,31,419,1.0,0,1,20,411,6,0,0,1.0,0.0,0.0,0.0,0.0,0.0
25995,middle_active,0,-124,0,71,"(50,100]",2,"[1,10)",1,"[1,5)",1209,730+,0,2,31,419,1.0,0,1,8,259,6,0,0,1.0,0.0,0.0,0.0,0.0,0.0
26030,full_active,0,1,1,535,500+,41,"[10,100)",9,"[5,30)",2025,730+,1,4,2,1151,3.0,0,1,20,191,5,3,2,1.0,0.0,0.0,0.0,0.0,0.0
26045,full_active,0,-124,1,110,"(100,150]",12,"[10,100)",6,"[5,30)",981,730+,0,2,29,1353,0.0,0,0,33,227,3,3,0,0.0,0.0,1.0,0.0,0.0,0.0
26254,full_active,0,-124,1,105,"(100,150]",491,"[100,1k)",104,"[60,120)",1821,730+,0,2,2,1212,8.0,0,1,8,200,5,2,2,1.0,0.0,0.0,0.0,0.0,0.0
26295,full_active,0,-124,1,18,"(10,50]",5,"[1,10)",4,"[1,5)",1767,730+,0,4,19,594,1.0,0,0,24,137,5,2,0,,,,,,
26296,full_active,0,-124,1,842,500+,89,"[10,100)",28,"[5,30)",1926,730+,0,4,2,1162,10.0,0,0,24,45,3,0,1,1.0,0.0,1.0,0.0,0.0,0.0
26336,full_active,0,-124,1,274,"(250,500]",29,"[10,100)",3,"[1,5)",704,366-730,0,3,29,950,1.0,0,1,44,121,5,2,0,1.0,0.0,0.0,0.0,0.0,0.0
26374,full_active,0,-124,1,27,"(10,50]",26,"[10,100)",8,"[5,30)",368,366-730,0,1,31,386,1.0,0,0,15,371,3,4,0,0.0,0.0,0.0,0.0,0.0,0.0
26427,full_active,0,-124,1,97,"(50,100]",29,"[10,100)",18,"[5,30)",2379,730+,1,4,10,1008,3.0,0,0,15,109,3,3,0,1.0,1.0,0.0,0.0,0.0,0.0
26541,full_active,0,-124,1,130,"(100,150]",173,"[100,1k)",113,"[60,120)",906,730+,0,5,9,296,0.0,0,0,26,38,1,3,0,1.0,0.0,0.0,0.0,0.0,0.0
26575,full_active,0,-124,0,464,"(250,500]",16,"[10,100)",12,"[5,30)",1727,730+,1,4,19,588,2.0,0,0,19,409,1,0,0,1.0,0.0,0.0,0.0,0.0,0.0
26737,full_active,0,-124,0,365,"(250,500]",6,"[1,10)",1,"[1,5)",814,730+,0,0,2,1137,3.0,0,1,20,348,4,3,1,1.0,0.0,0.0,0.0,0.0,0.0
26746,full_active,0,-124,0,3,"(0,10]",5,"[1,10)",0,0,666,366-730,1,4,10,238,3.0,0,0,14,135,6,2,0,1.0,0.0,0.0,0.0,0.0,0.0
26824,full_active,0,-124,1,1195,500+,2199,"[1k,5k)",1177,250+,1556,730+,0,1,28,652,,0,1,21,215,1,2,0,1.0,0.0,0.0,0.0,0.0,0.0
26832,full_active,0,-124,0,6,"(0,10]",1,"[1,10)",0,0,636,366-730,1,3,2,1160,4.0,0,1,8,294,6,3,2,0.0,0.0,0.0,0.0,0.0,0.0
26879,full_active,0,1,1,189,"(150,250]",2492,"[1k,5k)",170,"[120,250)",1690,730+,0,4,29,923,2.0,0,0,31,275,5,2,0,0.0,0.0,0.0,0.0,0.0,0.0
26881,middle_active,0,-124,1,297,"(250,500]",445,"[100,1k)",288,250+,1199,730+,0,1,2,1180,4.0,0,0,14,65,3,3,2,0.0,0.0,0.0,0.0,0.0,0.0
26903,high_active,0,-124,1,79,"(50,100]",5,"[1,10)",2,"[1,5)",463,366-730,1,3,29,923,2.0,0,0,13,361,1,4,0,1.0,0.0,0.0,0.0,0.0,1.0
26908,full_active,0,1,1,985,500+,1488,"[1k,5k)",696,250+,1141,730+,0,4,29,923,2.0,0,1,43,20,0,0,0,1.0,0.0,0.0,0.0,0.0,0.0
26969,full_active,0,-124,1,1566,500+,32,"[10,100)",8,"[5,30)",1029,730+,1,5,2,1169,8.0,0,1,43,366,3,3,2,1.0,0.0,0.0,0.0,0.0,0.0
27108,high_active,0,-124,1,41,"(10,50]",2,"[1,10)",0,0,245,181-365,1,1,29,958,1.0,0,1,32,33,2,3,0,1.0,0.0,0.0,0.0,0.0,0.0
27205,high_active,0,-124,1,2472,500+,21,"[10,100)",19,"[5,30)",1670,730+,1,4,10,120,1.0,0,1,43,312,1,3,0,1.0,0.0,1.0,0.0,0.0,0.0
27234,full_active,0,-124,1,25,"(10,50]",14,"[10,100)",5,"[5,30)",1041,730+,0,2,28,995,,0,1,20,286,6,3,0,1.0,0.0,0.0,0.0,0.0,0.0
